country	year	pop	gdpPercap	lifeExp	continent
Afghanistan	1952	8425333	779.4453145	28.801	Asia
Afghanistan	1957	9240934	820.8530296	30.332	Asia
Afghanistan	1962	10267083	853.10071	31.997	Asia
Afghanistan	1967	11537966	836.1971382	34.02	Asia
Afghanistan	1972	13079460	739.9811058	36.088	Asia
Afghanistan	1977	14880372	786.11336	38.438	Asia
Afghanistan	1982	12881816	978.0114388	39.854	Asia
Afghanistan	1987	13867957	852.3959448	40.822	Asia
Afghanistan	1992	16317921	649.3413952	41.674	Asia
Afghanistan	1997	22227415	635.341351	41.763	Asia
Afghanistan	2002	25268405	726.7340548	42.129	Asia
Afghanistan	2007	31889923	974.5803384	43.828	Asia
Albania	1952	1282697	1601.056136	55.23	Europe
Albania	1957	1476505	1942.284244	59.28	Europe
Albania	1962	1728137	2312.888958	64.82	Europe
Albania	1967	1984060	2760.196931	66.22	Europe
Albania	1972	2263554	3313.422188	67.69	Europe
Albania	1977	2509048	3533.00391	68.93	Europe
Albania	1982	2780097	3630.880722	70.42	Europe
Albania	1987	3075321	3738.932735	72	Europe
Albania	1992	3326498	2497.437901	71.581	Europe
Albania	1997	3428038	3193.054604	72.95	Europe
Albania	2002	3508512	4604.211737	75.651	Europe
Albania	2007	3600523	5937.029526	76.423	Europe
Algeria	1952	9279525	2449.008185	43.077	Africa
Algeria	1957	10270856	3013.976023	45.685	Africa
Algeria	1962	11000948	2550.81688	48.303	Africa
Algeria	1967	12760499	3246.991771	51.407	Africa
Algeria	1972	14760787	4182.663766	54.518	Africa
Algeria	1977	17152804	4910.416756	58.014	Africa
Algeria	1982	20033753	5745.160213	61.368	Africa
Algeria	1987	23254956	5681.358539	65.799	Africa
Algeria	1992	26298373	5023.216647	67.744	Africa
Algeria	1997	29072015	4797.295051	69.152	Africa
Algeria	2002	31287142	5288.040382	70.994	Africa
Algeria	2007	33333216	6223.367465	72.301	Africa
Angola	1952	4232095	3520.610273	30.015	Africa
Angola	1957	4561361	3827.940465	31.999	Africa
Angola	1962	4826015	4269.276742	34	Africa
Angola	1967	5247469	5522.776375	35.985	Africa
Angola	1972	5894858	5473.288005	37.928	Africa
Angola	1977	6162675	3008.647355	39.483	Africa
Angola	1982	7016384	2756.953672	39.942	Africa
Angola	1987	7874230	2430.208311	39.906	Africa
Angola	1992	8735988	2627.845685	40.647	Africa
Angola	1997	9875024	2277.140884	40.963	Africa
Angola	2002	10866106	2773.287312	41.003	Africa
Angola	2007	12420476	4797.231267	42.731	Africa
Argentina	1952	17876956	5911.315053	62.485	Americas
Argentina	1957	19610538	6856.856212	64.399	Americas
Argentina	1962	21283783	7133.166023	65.142	Americas
Argentina	1967	22934225	8052.953021	65.634	Americas
Argentina	1972	24779799	9443.038526	67.065	Americas
Argentina	1977	26983828	10079.02674	68.481	Americas
Argentina	1982	29341374	8997.897412	69.942	Americas
Argentina	1987	31620918	9139.671389	70.774	Americas
Argentina	1992	33958947	9308.41871	71.868	Americas
Argentina	1997	36203463	10967.28195	73.275	Americas
Argentina	2002	38331121	8797.640716	74.34	Americas
Argentina	2007	40301927	12779.37964	75.32	Americas
Australia	1952	8691212	10039.59564	69.12	Oceania
Australia	1957	9712569	10949.64959	70.33	Oceania
Australia	1962	10794968	12217.22686	70.93	Oceania
Australia	1967	11872264	14526.12465	71.1	Oceania
Australia	1972	13177000	16788.62948	71.93	Oceania
Australia	1977	14074100	18334.19751	73.49	Oceania
Australia	1982	15184200	19477.00928	74.74	Oceania
Australia	1987	16257249	21888.88903	76.32	Oceania
Australia	1992	17481977	23424.76683	77.56	Oceania
Australia	1997	18565243	26997.93657	78.83	Oceania
Australia	2002	19546792	30687.75473	80.37	Oceania
Australia	2007	20434176	34435.36744	81.235	Oceania
Austria	1952	6927772	6137.076492	66.8	Europe
Austria	1957	6965860	8842.59803	67.48	Europe
Austria	1962	7129864	10750.72111	69.54	Europe
Austria	1967	7376998	12834.6024	70.14	Europe
Austria	1972	7544201	16661.6256	70.63	Europe
Austria	1977	7568430	19749.4223	72.17	Europe
Austria	1982	7574613	21597.08362	73.18	Europe
Austria	1987	7578903	23687.82607	74.94	Europe
Austria	1992	7914969	27042.01868	76.04	Europe
Austria	1997	8069876	29095.92066	77.51	Europe
Austria	2002	8148312	32417.60769	78.98	Europe
Austria	2007	8199783	36126.4927	79.829	Europe
Bahrain	1952	120447	9867.084765	50.939	Asia
Bahrain	1957	138655	11635.79945	53.832	Asia
Bahrain	1962	171863	12753.27514	56.923	Asia
Bahrain	1967	202182	14804.6727	59.923	Asia
Bahrain	1972	230800	18268.65839	63.3	Asia
Bahrain	1977	297410	19340.10196	65.593	Asia
Bahrain	1982	377967	19211.14731	69.052	Asia
Bahrain	1987	454612	18524.02406	70.75	Asia
Bahrain	1992	529491	19035.57917	72.601	Asia
Bahrain	1997	598561	20292.01679	73.925	Asia
Bahrain	2002	656397	23403.55927	74.795	Asia
Bahrain	2007	708573	29796.04834	75.635	Asia
Bangladesh	1952	46886859	684.2441716	37.484	Asia
Bangladesh	1957	51365468	661.6374577	39.348	Asia
Bangladesh	1962	56839289	686.3415538	41.216	Asia
Bangladesh	1967	62821884	721.1860862	43.453	Asia
Bangladesh	1972	70759295	630.2336265	45.252	Asia
Bangladesh	1977	80428306	659.8772322	46.923	Asia
Bangladesh	1982	93074406	676.9818656	50.009	Asia
Bangladesh	1987	103764241	751.9794035	52.819	Asia
Bangladesh	1992	113704579	837.8101643	56.018	Asia
Bangladesh	1997	123315288	972.7700352	59.412	Asia
Bangladesh	2002	135656790	1136.39043	62.013	Asia
Bangladesh	2007	150448339	1391.253792	64.062	Asia
Belgium	1952	8730405	8343.105127	68	Europe
Belgium	1957	8989111	9714.960623	69.24	Europe
Belgium	1962	9218400	10991.20676	70.25	Europe
Belgium	1967	9556500	13149.04119	70.94	Europe
Belgium	1972	9709100	16672.14356	71.44	Europe
Belgium	1977	9821800	19117.97448	72.8	Europe
Belgium	1982	9856303	20979.84589	73.93	Europe
Belgium	1987	9870200	22525.56308	75.35	Europe
Belgium	1992	10045622	25575.57069	76.46	Europe
Belgium	1997	10199787	27561.19663	77.53	Europe
Belgium	2002	10311970	30485.88375	78.32	Europe
Belgium	2007	10392226	33692.60508	79.441	Europe
Benin	1952	1738315	1062.7522	38.223	Africa
Benin	1957	1925173	959.6010805	40.358	Africa
Benin	1962	2151895	949.4990641	42.618	Africa
Benin	1967	2427334	1035.831411	44.885	Africa
Benin	1972	2761407	1085.796879	47.014	Africa
Benin	1977	3168267	1029.161251	49.19	Africa
Benin	1982	3641603	1277.897616	50.904	Africa
Benin	1987	4243788	1225.85601	52.337	Africa
Benin	1992	4981671	1191.207681	53.919	Africa
Benin	1997	6066080	1232.975292	54.777	Africa
Benin	2002	7026113	1372.877931	54.406	Africa
Benin	2007	8078314	1441.284873	56.728	Africa
Bolivia	1952	2883315	2677.326347	40.414	Americas
Bolivia	1957	3211738	2127.686326	41.89	Americas
Bolivia	1962	3593918	2180.972546	43.428	Americas
Bolivia	1967	4040665	2586.886053	45.032	Americas
Bolivia	1972	4565872	2980.331339	46.714	Americas
Bolivia	1977	5079716	3548.097832	50.023	Americas
Bolivia	1982	5642224	3156.510452	53.859	Americas
Bolivia	1987	6156369	2753.69149	57.251	Americas
Bolivia	1992	6893451	2961.699694	59.957	Americas
Bolivia	1997	7693188	3326.143191	62.05	Americas
Bolivia	2002	8445134	3413.26269	63.883	Americas
Bolivia	2007	9119152	3822.137084	65.554	Americas
Bosnia and Herzegovina	1952	2791000	973.5331948	53.82	Europe
Bosnia and Herzegovina	1957	3076000	1353.989176	58.45	Europe
Bosnia and Herzegovina	1962	3349000	1709.683679	61.93	Europe
Bosnia and Herzegovina	1967	3585000	2172.352423	64.79	Europe
Bosnia and Herzegovina	1972	3819000	2860.16975	67.45	Europe
Bosnia and Herzegovina	1977	4086000	3528.481305	69.86	Europe
Bosnia and Herzegovina	1982	4172693	4126.613157	70.69	Europe
Bosnia and Herzegovina	1987	4338977	4314.114757	71.14	Europe
Bosnia and Herzegovina	1992	4256013	2546.781445	72.178	Europe
Bosnia and Herzegovina	1997	3607000	4766.355904	73.244	Europe
Bosnia and Herzegovina	2002	4165416	6018.975239	74.09	Europe
Bosnia and Herzegovina	2007	4552198	7446.298803	74.852	Europe
Botswana	1952	442308	851.2411407	47.622	Africa
Botswana	1957	474639	918.2325349	49.618	Africa
Botswana	1962	512764	983.6539764	51.52	Africa
Botswana	1967	553541	1214.709294	53.298	Africa
Botswana	1972	619351	2263.611114	56.024	Africa
Botswana	1977	781472	3214.857818	59.319	Africa
Botswana	1982	970347	4551.14215	61.484	Africa
Botswana	1987	1151184	6205.88385	63.622	Africa
Botswana	1992	1342614	7954.111645	62.745	Africa
Botswana	1997	1536536	8647.142313	52.556	Africa
Botswana	2002	1630347	11003.60508	46.634	Africa
Botswana	2007	1639131	12569.85177	50.728	Africa
Brazil	1952	56602560	2108.944355	50.917	Americas
Brazil	1957	65551171	2487.365989	53.285	Americas
Brazil	1962	76039390	3336.585802	55.665	Americas
Brazil	1967	88049823	3429.864357	57.632	Americas
Brazil	1972	100840058	4985.711467	59.504	Americas
Brazil	1977	114313951	6660.118654	61.489	Americas
Brazil	1982	128962939	7030.835878	63.336	Americas
Brazil	1987	142938076	7807.095818	65.205	Americas
Brazil	1992	155975974	6950.283021	67.057	Americas
Brazil	1997	168546719	7957.980824	69.388	Americas
Brazil	2002	179914212	8131.212843	71.006	Americas
Brazil	2007	190010647	9065.800825	72.39	Americas
Bulgaria	1952	7274900	2444.286648	59.6	Europe
Bulgaria	1957	7651254	3008.670727	66.61	Europe
Bulgaria	1962	8012946	4254.337839	69.51	Europe
Bulgaria	1967	8310226	5577.0028	70.42	Europe
Bulgaria	1972	8576200	6597.494398	70.9	Europe
Bulgaria	1977	8797022	7612.240438	70.81	Europe
Bulgaria	1982	8892098	8224.191647	71.08	Europe
Bulgaria	1987	8971958	8239.854824	71.34	Europe
Bulgaria	1992	8658506	6302.623438	71.19	Europe
Bulgaria	1997	8066057	5970.38876	70.32	Europe
Bulgaria	2002	7661799	7696.777725	72.14	Europe
Bulgaria	2007	7322858	10680.79282	73.005	Europe
Burkina Faso	1952	4469979	543.2552413	31.975	Africa
Burkina Faso	1957	4713416	617.1834648	34.906	Africa
Burkina Faso	1962	4919632	722.5120206	37.814	Africa
Burkina Faso	1967	5127935	794.8265597	40.697	Africa
Burkina Faso	1972	5433886	854.7359763	43.591	Africa
Burkina Faso	1977	5889574	743.3870368	46.137	Africa
Burkina Faso	1982	6634596	807.1985855	48.122	Africa
Burkina Faso	1987	7586551	912.0631417	49.557	Africa
Burkina Faso	1992	8878303	931.7527731	50.26	Africa
Burkina Faso	1997	10352843	946.2949618	50.324	Africa
Burkina Faso	2002	12251209	1037.645221	50.65	Africa
Burkina Faso	2007	14326203	1217.032994	52.295	Africa
Burundi	1952	2445618	339.2964587	39.031	Africa
Burundi	1957	2667518	379.5646281	40.533	Africa
Burundi	1962	2961915	355.2032273	42.045	Africa
Burundi	1967	3330989	412.9775136	43.548	Africa
Burundi	1972	3529983	464.0995039	44.057	Africa
Burundi	1977	3834415	556.1032651	45.91	Africa
Burundi	1982	4580410	559.603231	47.471	Africa
Burundi	1987	5126023	621.8188189	48.211	Africa
Burundi	1992	5809236	631.6998778	44.736	Africa
Burundi	1997	6121610	463.1151478	45.326	Africa
Burundi	2002	7021078	446.4035126	47.36	Africa
Burundi	2007	8390505	430.0706916	49.58	Africa
Cambodia	1952	4693836	368.4692856	39.417	Asia
Cambodia	1957	5322536	434.0383364	41.366	Asia
Cambodia	1962	6083619	496.9136476	43.415	Asia
Cambodia	1967	6960067	523.4323142	45.415	Asia
Cambodia	1972	7450606	421.6240257	40.317	Asia
Cambodia	1977	6978607	524.9721832	31.22	Asia
Cambodia	1982	7272485	624.4754784	50.957	Asia
Cambodia	1987	8371791	683.8955732	53.914	Asia
Cambodia	1992	10150094	682.3031755	55.803	Asia
Cambodia	1997	11782962	734.28517	56.534	Asia
Cambodia	2002	12926707	896.2260153	56.752	Asia
Cambodia	2007	14131858	1713.778686	59.723	Asia
Cameroon	1952	5009067	1172.667655	38.523	Africa
Cameroon	1957	5359923	1313.048099	40.428	Africa
Cameroon	1962	5793633	1399.607441	42.643	Africa
Cameroon	1967	6335506	1508.453148	44.799	Africa
Cameroon	1972	7021028	1684.146528	47.049	Africa
Cameroon	1977	7959865	1783.432873	49.355	Africa
Cameroon	1982	9250831	2367.983282	52.961	Africa
Cameroon	1987	10780667	2602.664206	54.985	Africa
Cameroon	1992	12467171	1793.163278	54.314	Africa
Cameroon	1997	14195809	1694.337469	52.199	Africa
Cameroon	2002	15929988	1934.011449	49.856	Africa
Cameroon	2007	17696293	2042.09524	50.43	Africa
Canada	1952	14785584	11367.16112	68.75	Americas
Canada	1957	17010154	12489.95006	69.96	Americas
Canada	1962	18985849	13462.48555	71.3	Americas
Canada	1967	20819767	16076.58803	72.13	Americas
Canada	1972	22284500	18970.57086	72.88	Americas
Canada	1977	23796400	22090.88306	74.21	Americas
Canada	1982	25201900	22898.79214	75.76	Americas
Canada	1987	26549700	26626.51503	76.86	Americas
Canada	1992	28523502	26342.88426	77.95	Americas
Canada	1997	30305843	28954.92589	78.61	Americas
Canada	2002	31902268	33328.96507	79.77	Americas
Canada	2007	33390141	36319.23501	80.653	Americas
Central African Republic	1952	1291695	1071.310713	35.463	Africa
Central African Republic	1957	1392284	1190.844328	37.464	Africa
Central African Republic	1962	1523478	1193.068753	39.475	Africa
Central African Republic	1967	1733638	1136.056615	41.478	Africa
Central African Republic	1972	1927260	1070.013275	43.457	Africa
Central African Republic	1977	2167533	1109.374338	46.775	Africa
Central African Republic	1982	2476971	956.7529907	48.295	Africa
Central African Republic	1987	2840009	844.8763504	50.485	Africa
Central African Republic	1992	3265124	747.9055252	49.396	Africa
Central African Republic	1997	3696513	740.5063317	46.066	Africa
Central African Republic	2002	4048013	738.6906068	43.308	Africa
Central African Republic	2007	4369038	706.016537	44.741	Africa
Chad	1952	2682462	1178.665927	38.092	Africa
Chad	1957	2894855	1308.495577	39.881	Africa
Chad	1962	3150417	1389.817618	41.716	Africa
Chad	1967	3495967	1196.810565	43.601	Africa
Chad	1972	3899068	1104.103987	45.569	Africa
Chad	1977	4388260	1133.98495	47.383	Africa
Chad	1982	4875118	797.9081006	49.517	Africa
Chad	1987	5498955	952.386129	51.051	Africa
Chad	1992	6429417	1058.0643	51.724	Africa
Chad	1997	7562011	1004.961353	51.573	Africa
Chad	2002	8835739	1156.18186	50.525	Africa
Chad	2007	10238807	1704.063724	50.651	Africa
Chile	1952	6377619	3939.978789	54.745	Americas
Chile	1957	7048426	4315.622723	56.074	Americas
Chile	1962	7961258	4519.094331	57.924	Americas
Chile	1967	8858908	5106.654313	60.523	Americas
Chile	1972	9717524	5494.024437	63.441	Americas
Chile	1977	10599793	4756.763836	67.052	Americas
Chile	1982	11487112	5095.665738	70.565	Americas
Chile	1987	12463354	5547.063754	72.492	Americas
Chile	1992	13572994	7596.125964	74.126	Americas
Chile	1997	14599929	10118.05318	75.816	Americas
Chile	2002	15497046	10778.78385	77.86	Americas
Chile	2007	16284741	13171.63885	78.553	Americas
China	1952	556263527.999989	400.448610699994	44	Asia
China	1957	637408000	575.9870009	50.54896	Asia
China	1962	665770000	487.6740183	44.50136	Asia
China	1967	754550000	612.7056934	58.38112	Asia
China	1972	862030000	676.9000921	63.11888	Asia
China	1977	943455000	741.2374699	63.96736	Asia
China	1982	1000281000	962.4213805	65.525	Asia
China	1987	1084035000	1378.904018	67.274	Asia
China	1992	1164970000	1655.784158	68.69	Asia
China	1997	1230075000	2289.234136	70.426	Asia
China	2002	1280400000	3119.280896	72.028	Asia
China	2007	1318683096	4959.114854	72.961	Asia
Colombia	1952	12350771	2144.115096	50.643	Americas
Colombia	1957	14485993	2323.805581	55.118	Americas
Colombia	1962	17009885	2492.351109	57.863	Americas
Colombia	1967	19764027	2678.729839	59.963	Americas
Colombia	1972	22542890	3264.660041	61.623	Americas
Colombia	1977	25094412	3815.80787	63.837	Americas
Colombia	1982	27764644	4397.575659	66.653	Americas
Colombia	1987	30964245	4903.2191	67.768	Americas
Colombia	1992	34202721	5444.648617	68.421	Americas
Colombia	1997	37657830	6117.361746	70.313	Americas
Colombia	2002	41008227	5755.259962	71.682	Americas
Colombia	2007	44227550	7006.580419	72.889	Americas
Comoros	1952	153936	1102.990936	40.715	Africa
Comoros	1957	170928	1211.148548	42.46	Africa
Comoros	1962	191689	1406.648278	44.467	Africa
Comoros	1967	217378	1876.029643	46.472	Africa
Comoros	1972	250027	1937.577675	48.944	Africa
Comoros	1977	304739	1172.603047	50.939	Africa
Comoros	1982	348643	1267.100083	52.933	Africa
Comoros	1987	395114	1315.980812	54.926	Africa
Comoros	1992	454429	1246.90737	57.939	Africa
Comoros	1997	527982	1173.618235	60.66	Africa
Comoros	2002	614382	1075.811558	62.974	Africa
Comoros	2007	710960	986.1478792	65.152	Africa
Congo, Dem. Rep.	1952	14100005	780.5423257	39.143	Africa
Congo, Dem. Rep.	1957	15577932	905.8602303	40.652	Africa
Congo, Dem. Rep.	1962	17486434	896.3146335	42.122	Africa
Congo, Dem. Rep.	1967	19941073	861.5932424	44.056	Africa
Congo, Dem. Rep.	1972	23007669	904.8960685	45.989	Africa
Congo, Dem. Rep.	1977	26480870	795.757282	47.804	Africa
Congo, Dem. Rep.	1982	30646495	673.7478181	47.784	Africa
Congo, Dem. Rep.	1987	35481645	672.774812	47.412	Africa
Congo, Dem. Rep.	1992	41672143	457.7191807	45.548	Africa
Congo, Dem. Rep.	1997	47798986	312.188423	42.587	Africa
Congo, Dem. Rep.	2002	55379852	241.1658765	44.966	Africa
Congo, Dem. Rep.	2007	64606759	277.5518587	46.462	Africa
Congo, Rep.	1952	854885	2125.621418	42.111	Africa
Congo, Rep.	1957	940458	2315.056572	45.053	Africa
Congo, Rep.	1962	1047924	2464.783157	48.435	Africa
Congo, Rep.	1967	1179760	2677.939642	52.04	Africa
Congo, Rep.	1972	1340458	3213.152683	54.907	Africa
Congo, Rep.	1977	1536769	3259.178978	55.625	Africa
Congo, Rep.	1982	1774735	4879.507522	56.695	Africa
Congo, Rep.	1987	2064095	4201.194937	57.47	Africa
Congo, Rep.	1992	2409073	4016.239529	56.433	Africa
Congo, Rep.	1997	2800947	3484.164376	52.962	Africa
Congo, Rep.	2002	3328795	3484.06197	52.97	Africa
Congo, Rep.	2007	3800610	3632.557798	55.322	Africa
Costa Rica	1952	926317	2627.009471	57.206	Americas
Costa Rica	1957	1112300	2990.010802	60.026	Americas
Costa Rica	1962	1345187	3460.937025	62.842	Americas
Costa Rica	1967	1588717	4161.727834	65.424	Americas
Costa Rica	1972	1834796	5118.146939	67.849	Americas
Costa Rica	1977	2108457	5926.876967	70.75	Americas
Costa Rica	1982	2424367	5262.734751	73.45	Americas
Costa Rica	1987	2799811	5629.915318	74.752	Americas
Costa Rica	1992	3173216	6160.416317	75.713	Americas
Costa Rica	1997	3518107	6677.045314	77.26	Americas
Costa Rica	2002	3834934	7723.447195	78.123	Americas
Costa Rica	2007	4133884	9645.06142	78.782	Americas
Cote d'Ivoire	1952	2977019	1388.594732	40.477	Africa
Cote d'Ivoire	1957	3300000	1500.895925	42.469	Africa
Cote d'Ivoire	1962	3832408	1728.869428	44.93	Africa
Cote d'Ivoire	1967	4744870	2052.050473	47.35	Africa
Cote d'Ivoire	1972	6071696	2378.201111	49.801	Africa
Cote d'Ivoire	1977	7459574	2517.736547	52.374	Africa
Cote d'Ivoire	1982	9025951	2602.710169	53.983	Africa
Cote d'Ivoire	1987	10761098	2156.956069	54.655	Africa
Cote d'Ivoire	1992	12772596	1648.073791	52.044	Africa
Cote d'Ivoire	1997	14625967	1786.265407	47.991	Africa
Cote d'Ivoire	2002	16252726	1648.800823	46.832	Africa
Cote d'Ivoire	2007	18013409	1544.750112	48.328	Africa
Croatia	1952	3882229	3119.23652	61.21	Europe
Croatia	1957	3991242	4338.231617	64.77	Europe
Croatia	1962	4076557	5477.890018	67.13	Europe
Croatia	1967	4174366	6960.297861	68.5	Europe
Croatia	1972	4225310	9164.090127	69.61	Europe
Croatia	1977	4318673	11305.38517	70.64	Europe
Croatia	1982	4413368	13221.82184	70.46	Europe
Croatia	1987	4484310	13822.58394	71.52	Europe
Croatia	1992	4494013	8447.794873	72.527	Europe
Croatia	1997	4444595	9875.604515	73.68	Europe
Croatia	2002	4481020	11628.38895	74.876	Europe
Croatia	2007	4493312	14619.22272	75.748	Europe
Cuba	1952	6007797	5586.53878	59.421	Americas
Cuba	1957	6640752	6092.174359	62.325	Americas
Cuba	1962	7254373	5180.75591	65.246	Americas
Cuba	1967	8139332	5690.268015	68.29	Americas
Cuba	1972	8831348	5305.445256	70.723	Americas
Cuba	1977	9537988	6380.494966	72.649	Americas
Cuba	1982	9789224	7316.918107	73.717	Americas
Cuba	1987	10239839	7532.924763	74.174	Americas
Cuba	1992	10723260	5592.843963	74.414	Americas
Cuba	1997	10983007	5431.990415	76.151	Americas
Cuba	2002	11226999	6340.646683	77.158	Americas
Cuba	2007	11416987	8948.102923	78.273	Americas
Czech Republic	1952	9125183	6876.14025	66.87	Europe
Czech Republic	1957	9513758	8256.343918	69.03	Europe
Czech Republic	1962	9620282	10136.86713	69.9	Europe
Czech Republic	1967	9835109	11399.44489	70.38	Europe
Czech Republic	1972	9862158	13108.4536	70.29	Europe
Czech Republic	1977	10161915	14800.16062	70.71	Europe
Czech Republic	1982	10303704	15377.22855	70.96	Europe
Czech Republic	1987	10311597	16310.4434	71.58	Europe
Czech Republic	1992	10315702	14297.02122	72.4	Europe
Czech Republic	1997	10300707	16048.51424	74.01	Europe
Czech Republic	2002	10256295	17596.21022	75.51	Europe
Czech Republic	2007	10228744	22833.30851	76.486	Europe
Denmark	1952	4334000	9692.385245	70.78	Europe
Denmark	1957	4487831	11099.65935	71.81	Europe
Denmark	1962	4646899	13583.31351	72.35	Europe
Denmark	1967	4838800	15937.21123	72.96	Europe
Denmark	1972	4991596	18866.20721	73.47	Europe
Denmark	1977	5088419	20422.9015	74.69	Europe
Denmark	1982	5117810	21688.04048	74.63	Europe
Denmark	1987	5127024	25116.17581	74.8	Europe
Denmark	1992	5171393	26406.73985	75.33	Europe
Denmark	1997	5283663	29804.34567	76.11	Europe
Denmark	2002	5374693	32166.50006	77.18	Europe
Denmark	2007	5468120	35278.41874	78.332	Europe
Djibouti	1952	63149	2669.529475	34.812	Africa
Djibouti	1957	71851	2864.969076	37.328	Africa
Djibouti	1962	89898	3020.989263	39.693	Africa
Djibouti	1967	127617	3020.050513	42.074	Africa
Djibouti	1972	178848	3694.212352	44.366	Africa
Djibouti	1977	228694	3081.761022	46.519	Africa
Djibouti	1982	305991	2879.468067	48.812	Africa
Djibouti	1987	311025	2880.102568	50.04	Africa
Djibouti	1992	384156	2377.156192	51.604	Africa
Djibouti	1997	417908	1895.016984	53.157	Africa
Djibouti	2002	447416	1908.260867	53.373	Africa
Djibouti	2007	496374	2082.481567	54.791	Africa
Dominican Republic	1952	2491346	1397.717137	45.928	Americas
Dominican Republic	1957	2923186	1544.402995	49.828	Americas
Dominican Republic	1962	3453434	1662.137359	53.459	Americas
Dominican Republic	1967	4049146	1653.723003	56.751	Americas
Dominican Republic	1972	4671329	2189.874499	59.631	Americas
Dominican Republic	1977	5302800	2681.9889	61.788	Americas
Dominican Republic	1982	5968349	2861.092386	63.727	Americas
Dominican Republic	1987	6655297	2899.842175	66.046	Americas
Dominican Republic	1992	7351181	3044.214214	68.457	Americas
Dominican Republic	1997	7992357	3614.101285	69.957	Americas
Dominican Republic	2002	8650322	4563.808154	70.847	Americas
Dominican Republic	2007	9319622	6025.374752	72.235	Americas
Ecuador	1952	3548753	3522.110717	48.357	Americas
Ecuador	1957	4058385	3780.546651	51.356	Americas
Ecuador	1962	4681707	4086.114078	54.64	Americas
Ecuador	1967	5432424	4579.074215	56.678	Americas
Ecuador	1972	6298651	5280.99471	58.796	Americas
Ecuador	1977	7278866	6679.62326	61.31	Americas
Ecuador	1982	8365850	7213.791267	64.342	Americas
Ecuador	1987	9545158	6481.776993	67.231	Americas
Ecuador	1992	10748394	7103.702595	69.613	Americas
Ecuador	1997	11911819	7429.455877	72.312	Americas
Ecuador	2002	12921234	5773.044512	74.173	Americas
Ecuador	2007	13755680	6873.262326	74.994	Americas
Egypt	1952	22223309	1418.822445	41.893	Africa
Egypt	1957	25009741	1458.915272	44.444	Africa
Egypt	1962	28173309	1693.335853	46.992	Africa
Egypt	1967	31681188	1814.880728	49.293	Africa
Egypt	1972	34807417	2024.008147	51.137	Africa
Egypt	1977	38783863	2785.493582	53.319	Africa
Egypt	1982	45681811	3503.729636	56.006	Africa
Egypt	1987	52799062	3885.46071	59.797	Africa
Egypt	1992	59402198	3794.755195	63.674	Africa
Egypt	1997	66134291	4173.181797	67.217	Africa
Egypt	2002	73312559	4754.604414	69.806	Africa
Egypt	2007	80264543	5581.180998	71.338	Africa
El Salvador	1952	2042865	3048.3029	45.262	Americas
El Salvador	1957	2355805	3421.523218	48.57	Americas
El Salvador	1962	2747687	3776.803627	52.307	Americas
El Salvador	1967	3232927	4358.595393	55.855	Americas
El Salvador	1972	3790903	4520.246008	58.207	Americas
El Salvador	1977	4282586	5138.922374	56.696	Americas
El Salvador	1982	4474873	4098.344175	56.604	Americas
El Salvador	1987	4842194	4140.442097	63.154	Americas
El Salvador	1992	5274649	4444.2317	66.798	Americas
El Salvador	1997	5783439	5154.825496	69.535	Americas
El Salvador	2002	6353681	5351.568666	70.734	Americas
El Salvador	2007	6939688	5728.353514	71.878	Americas
Equatorial Guinea	1952	216964	375.6431231	34.482	Africa
Equatorial Guinea	1957	232922	426.0964081	35.983	Africa
Equatorial Guinea	1962	249220	582.8419714	37.485	Africa
Equatorial Guinea	1967	259864	915.5960025	38.987	Africa
Equatorial Guinea	1972	277603	672.4122571	40.516	Africa
Equatorial Guinea	1977	192675	958.5668124	42.024	Africa
Equatorial Guinea	1982	285483	927.8253427	43.662	Africa
Equatorial Guinea	1987	341244	966.8968149	45.664	Africa
Equatorial Guinea	1992	387838	1132.055034	47.545	Africa
Equatorial Guinea	1997	439971	2814.480755	48.245	Africa
Equatorial Guinea	2002	495627	7703.4959	49.348	Africa
Equatorial Guinea	2007	551201	12154.08975	51.579	Africa
Eritrea	1952	1438760	328.9405571	35.928	Africa
Eritrea	1957	1542611	344.1618859	38.047	Africa
Eritrea	1962	1666618	380.9958433	40.158	Africa
Eritrea	1967	1820319	468.7949699	42.189	Africa
Eritrea	1972	2260187	514.3242082	44.142	Africa
Eritrea	1977	2512642	505.7538077	44.535	Africa
Eritrea	1982	2637297	524.8758493	43.89	Africa
Eritrea	1987	2915959	521.1341333	46.453	Africa
Eritrea	1992	3668440	582.8585102	49.991	Africa
Eritrea	1997	4058319	913.47079	53.378	Africa
Eritrea	2002	4414865	765.3500015	55.24	Africa
Eritrea	2007	4906585	641.3695236	58.04	Africa
Ethiopia	1952	20860941	362.1462796	34.078	Africa
Ethiopia	1957	22815614	378.9041632	36.667	Africa
Ethiopia	1962	25145372	419.4564161	40.059	Africa
Ethiopia	1967	27860297	516.1186438	42.115	Africa
Ethiopia	1972	30770372	566.2439442	43.515	Africa
Ethiopia	1977	34617799	556.8083834	44.51	Africa
Ethiopia	1982	38111756	577.8607471	44.916	Africa
Ethiopia	1987	42999530	573.7413142	46.684	Africa
Ethiopia	1992	52088559	421.3534653	48.091	Africa
Ethiopia	1997	59861301	515.8894013	49.402	Africa
Ethiopia	2002	67946797	530.0535319	50.725	Africa
Ethiopia	2007	76511887	690.8055759	52.947	Africa
Finland	1952	4090500	6424.519071	66.55	Europe
Finland	1957	4324000	7545.415386	67.49	Europe
Finland	1962	4491443	9371.842561	68.75	Europe
Finland	1967	4605744	10921.63626	69.83	Europe
Finland	1972	4639657	14358.8759	70.87	Europe
Finland	1977	4738902	15605.42283	72.52	Europe
Finland	1982	4826933	18533.15761	74.55	Europe
Finland	1987	4931729	21141.01223	74.83	Europe
Finland	1992	5041039	20647.16499	75.7	Europe
Finland	1997	5134406	23723.9502	77.13	Europe
Finland	2002	5193039	28204.59057	78.37	Europe
Finland	2007	5238460	33207.0844	79.313	Europe
France	1952	42459667	7029.809327	67.41	Europe
France	1957	44310863	8662.834898	68.93	Europe
France	1962	47124000	10560.48553	70.51	Europe
France	1967	49569000	12999.91766	71.55	Europe
France	1972	51732000	16107.19171	72.38	Europe
France	1977	53165019	18292.63514	73.83	Europe
France	1982	54433565	20293.89746	74.89	Europe
France	1987	55630100	22066.44214	76.34	Europe
France	1992	57374179	24703.79615	77.46	Europe
France	1997	58623428	25889.78487	78.64	Europe
France	2002	59925035	28926.03234	79.59	Europe
France	2007	61083916	30470.0167	80.657	Europe
Gabon	1952	420702	4293.476475	37.003	Africa
Gabon	1957	434904	4976.198099	38.999	Africa
Gabon	1962	455661	6631.459222	40.489	Africa
Gabon	1967	489004	8358.761987	44.598	Africa
Gabon	1972	537977	11401.94841	48.69	Africa
Gabon	1977	706367	21745.57328	52.79	Africa
Gabon	1982	753874	15113.36194	56.564	Africa
Gabon	1987	880397	11864.40844	60.19	Africa
Gabon	1992	985739	13522.15752	61.366	Africa
Gabon	1997	1126189	14722.84188	60.461	Africa
Gabon	2002	1299304	12521.71392	56.761	Africa
Gabon	2007	1454867	13206.48452	56.735	Africa
Gambia	1952	284320	485.2306591	30	Africa
Gambia	1957	323150	520.9267111	32.065	Africa
Gambia	1962	374020	599.650276	33.896	Africa
Gambia	1967	439593	734.7829124	35.857	Africa
Gambia	1972	517101	756.0868363	38.308	Africa
Gambia	1977	608274	884.7552507	41.842	Africa
Gambia	1982	715523	835.8096108	45.58	Africa
Gambia	1987	848406	611.6588611	49.265	Africa
Gambia	1992	1025384	665.6244126	52.644	Africa
Gambia	1997	1235767	653.7301704	55.861	Africa
Gambia	2002	1457766	660.5855997	58.041	Africa
Gambia	2007	1688359	752.7497265	59.448	Africa
Germany	1952	69145952	7144.114393	67.5	Europe
Germany	1957	71019069	10187.82665	69.1	Europe
Germany	1962	73739117	12902.46291	70.3	Europe
Germany	1967	76368453	14745.62561	70.8	Europe
Germany	1972	78717088	18016.18027	71	Europe
Germany	1977	78160773	20512.92123	72.5	Europe
Germany	1982	78335266	22031.53274	73.8	Europe
Germany	1987	77718298	24639.18566	74.847	Europe
Germany	1992	80597764	26505.30317	76.07	Europe
Germany	1997	82011073	27788.88416	77.34	Europe
Germany	2002	82350671	30035.80198	78.67	Europe
Germany	2007	82400996	32170.37442	79.406	Europe
Ghana	1952	5581001	911.2989371	43.149	Africa
Ghana	1957	6391288	1043.561537	44.779	Africa
Ghana	1962	7355248	1190.041118	46.452	Africa
Ghana	1967	8490213	1125.69716	48.072	Africa
Ghana	1972	9354120	1178.223708	49.875	Africa
Ghana	1977	10538093	993.2239571	51.756	Africa
Ghana	1982	11400338	876.032569	53.744	Africa
Ghana	1987	14168101	847.0061135	55.729	Africa
Ghana	1992	16278738	925.060154	57.501	Africa
Ghana	1997	18418288	1005.245812	58.556	Africa
Ghana	2002	20550751	1111.984578	58.453	Africa
Ghana	2007	22873338	1327.60891	60.022	Africa
Greece	1952	7733250	3530.690067	65.86	Europe
Greece	1957	8096218	4916.299889	67.86	Europe
Greece	1962	8448233	6017.190733	69.51	Europe
Greece	1967	8716441	8513.097016	71	Europe
Greece	1972	8888628	12724.82957	72.34	Europe
Greece	1977	9308479	14195.52428	73.68	Europe
Greece	1982	9786480	15268.42089	75.24	Europe
Greece	1987	9974490	16120.52839	76.67	Europe
Greece	1992	10325429	17541.49634	77.03	Europe
Greece	1997	10502372	18747.69814	77.869	Europe
Greece	2002	10603863	22514.2548	78.256	Europe
Greece	2007	10706290	27538.41188	79.483	Europe
Guatemala	1952	3146381	2428.237769	42.023	Americas
Guatemala	1957	3640876	2617.155967	44.142	Americas
Guatemala	1962	4208858	2750.364446	46.954	Americas
Guatemala	1967	4690773	3242.531147	50.016	Americas
Guatemala	1972	5149581	4031.408271	53.738	Americas
Guatemala	1977	5703430	4879.992748	56.029	Americas
Guatemala	1982	6395630	4820.49479	58.137	Americas
Guatemala	1987	7326406	4246.485974	60.782	Americas
Guatemala	1992	8486949	4439.45084	63.373	Americas
Guatemala	1997	9803875	4684.313807	66.322	Americas
Guatemala	2002	11178650	4858.347495	68.978	Americas
Guatemala	2007	12572928	5186.050003	70.259	Americas
Guinea	1952	2664249	510.1964923	33.609	Africa
Guinea	1957	2876726	576.2670245	34.558	Africa
Guinea	1962	3140003	686.3736739	35.753	Africa
Guinea	1967	3451418	708.7595409	37.197	Africa
Guinea	1972	3811387	741.6662307	38.842	Africa
Guinea	1977	4227026	874.6858643	40.762	Africa
Guinea	1982	4710497	857.2503577	42.891	Africa
Guinea	1987	5650262	805.5724718	45.552	Africa
Guinea	1992	6990574	794.3484384	48.576	Africa
Guinea	1997	8048834	869.4497668	51.455	Africa
Guinea	2002	8807818	945.5835837	53.676	Africa
Guinea	2007	9947814	942.6542111	56.007	Africa
Guinea-Bissau	1952	580653	299.850319	32.5	Africa
Guinea-Bissau	1957	601095	431.7904566	33.489	Africa
Guinea-Bissau	1962	627820	522.0343725	34.488	Africa
Guinea-Bissau	1967	601287	715.5806402	35.492	Africa
Guinea-Bissau	1972	625361	820.2245876	36.486	Africa
Guinea-Bissau	1977	745228	764.7259628	37.465	Africa
Guinea-Bissau	1982	825987	838.1239671	39.327	Africa
Guinea-Bissau	1987	927524	736.4153921	41.245	Africa
Guinea-Bissau	1992	1050938	745.5398706	43.266	Africa
Guinea-Bissau	1997	1193708	796.6644681	44.873	Africa
Guinea-Bissau	2002	1332459	575.7047176	45.504	Africa
Guinea-Bissau	2007	1472041	579.231743	46.388	Africa
Haiti	1952	3201488	1840.366939	37.579	Americas
Haiti	1957	3507701	1726.887882	40.696	Americas
Haiti	1962	3880130	1796.589032	43.59	Americas
Haiti	1967	4318137	1452.057666	46.243	Americas
Haiti	1972	4698301	1654.456946	48.042	Americas
Haiti	1977	4908554	1874.298931	49.923	Americas
Haiti	1982	5198399	2011.159549	51.461	Americas
Haiti	1987	5756203	1823.015995	53.636	Americas
Haiti	1992	6326682	1456.309517	55.089	Americas
Haiti	1997	6913545	1341.726931	56.671	Americas
Haiti	2002	7607651	1270.364932	58.137	Americas
Haiti	2007	8502814	1201.637154	60.916	Americas
Honduras	1952	1517453	2194.926204	41.912	Americas
Honduras	1957	1770390	2220.487682	44.665	Americas
Honduras	1962	2090162	2291.156835	48.041	Americas
Honduras	1967	2500689	2538.269358	50.924	Americas
Honduras	1972	2965146	2529.842345	53.884	Americas
Honduras	1977	3055235	3203.208066	57.402	Americas
Honduras	1982	3669448	3121.760794	60.909	Americas
Honduras	1987	4372203	3023.096699	64.492	Americas
Honduras	1992	5077347	3081.694603	66.399	Americas
Honduras	1997	5867957	3160.454906	67.659	Americas
Honduras	2002	6677328	3099.72866	68.565	Americas
Honduras	2007	7483763	3548.330846	70.198	Americas
Hong Kong, China	1952	2125900	3054.421209	60.96	Asia
Hong Kong, China	1957	2736300	3629.076457	64.75	Asia
Hong Kong, China	1962	3305200	4692.648272	67.65	Asia
Hong Kong, China	1967	3722800	6197.962814	70	Asia
Hong Kong, China	1972	4115700	8315.928145	72	Asia
Hong Kong, China	1977	4583700	11186.14125	73.6	Asia
Hong Kong, China	1982	5264500	14560.53051	75.45	Asia
Hong Kong, China	1987	5584510	20038.47269	76.2	Asia
Hong Kong, China	1992	5829696	24757.60301	77.601	Asia
Hong Kong, China	1997	6495918	28377.63219	80	Asia
Hong Kong, China	2002	6762476	30209.01516	81.495	Asia
Hong Kong, China	2007	6980412	39724.97867	82.208	Asia
Hungary	1952	9504000	5263.673816	64.03	Europe
Hungary	1957	9839000	6040.180011	66.41	Europe
Hungary	1962	10063000	7550.359877	67.96	Europe
Hungary	1967	10223422	9326.64467	69.5	Europe
Hungary	1972	10394091	10168.65611	69.76	Europe
Hungary	1977	10637171	11674.83737	69.95	Europe
Hungary	1982	10705535	12545.99066	69.39	Europe
Hungary	1987	10612740	12986.47998	69.58	Europe
Hungary	1992	10348684	10535.62855	69.17	Europe
Hungary	1997	10244684	11712.7768	71.04	Europe
Hungary	2002	10083313	14843.93556	72.59	Europe
Hungary	2007	9956108	18008.94444	73.338	Europe
Iceland	1952	147962	7267.688428	72.49	Europe
Iceland	1957	165110	9244.001412	73.47	Europe
Iceland	1962	182053	10350.15906	73.68	Europe
Iceland	1967	198676	13319.89568	73.73	Europe
Iceland	1972	209275	15798.06362	74.46	Europe
Iceland	1977	221823	19654.96247	76.11	Europe
Iceland	1982	233997	23269.6075	76.99	Europe
Iceland	1987	244676	26923.20628	77.23	Europe
Iceland	1992	259012	25144.39201	78.77	Europe
Iceland	1997	271192	28061.09966	78.95	Europe
Iceland	2002	288030	31163.20196	80.5	Europe
Iceland	2007	301931	36180.78919	81.757	Europe
India	1952	3.72e+08	546.5657493	37.373	Asia
India	1957	4.09e+08	590.061996	40.249	Asia
India	1962	4.54e+08	658.3471509	43.605	Asia
India	1967	5.06e+08	700.7706107	47.193	Asia
India	1972	5.67e+08	724.032527	50.651	Asia
India	1977	6.34e+08	813.337323	54.208	Asia
India	1982	7.08e+08	855.7235377	56.596	Asia
India	1987	7.88e+08	976.5126756	58.553	Asia
India	1992	8.72e+08	1164.406809	60.223	Asia
India	1997	9.59e+08	1458.817442	61.765	Asia
India	2002	1034172547	1746.769454	62.879	Asia
India	2007	1110396331	2452.210407	64.698	Asia
Indonesia	1952	82052000	749.6816546	37.468	Asia
Indonesia	1957	90124000	858.9002707	39.918	Asia
Indonesia	1962	99028000	849.2897701	42.518	Asia
Indonesia	1967	109343000	762.4317721	45.964	Asia
Indonesia	1972	121282000	1111.107907	49.203	Asia
Indonesia	1977	136725000	1382.702056	52.702	Asia
Indonesia	1982	153343000	1516.872988	56.159	Asia
Indonesia	1987	169276000	1748.356961	60.137	Asia
Indonesia	1992	184816000	2383.140898	62.681	Asia
Indonesia	1997	199278000	3119.335603	66.041	Asia
Indonesia	2002	211060000	2873.91287	68.588	Asia
Indonesia	2007	223547000	3540.651564	70.65	Asia
Iran	1952	17272000	3035.326002	44.869	Asia
Iran	1957	19792000	3290.257643	47.181	Asia
Iran	1962	22874000	4187.329802	49.325	Asia
Iran	1967	26538000	5906.731805	52.469	Asia
Iran	1972	30614000	9613.818607	55.234	Asia
Iran	1977	35480679	11888.59508	57.702	Asia
Iran	1982	43072751	7608.334602	59.62	Asia
Iran	1987	51889696	6642.881371	63.04	Asia
Iran	1992	60397973	7235.653188	65.742	Asia
Iran	1997	63327987	8263.590301	68.042	Asia
Iran	2002	66907826	9240.761975	69.451	Asia
Iran	2007	69453570	11605.71449	70.964	Asia
Iraq	1952	5441766	4129.766056	45.32	Asia
Iraq	1957	6248643	6229.333562	48.437	Asia
Iraq	1962	7240260	8341.737815	51.457	Asia
Iraq	1967	8519282	8931.459811	54.459	Asia
Iraq	1972	10061506	9576.037596	56.95	Asia
Iraq	1977	11882916	14688.23507	60.413	Asia
Iraq	1982	14173318	14517.90711	62.038	Asia
Iraq	1987	16543189	11643.57268	65.044	Asia
Iraq	1992	17861905	3745.640687	59.461	Asia
Iraq	1997	20775703	3076.239795	58.811	Asia
Iraq	2002	24001816	4390.717312	57.046	Asia
Iraq	2007	27499638	4471.061906	59.545	Asia
Ireland	1952	2952156	5210.280328	66.91	Europe
Ireland	1957	2878220	5599.077872	68.9	Europe
Ireland	1962	2830000	6631.597314	70.29	Europe
Ireland	1967	2900100	7655.568963	71.08	Europe
Ireland	1972	3024400	9530.772896	71.28	Europe
Ireland	1977	3271900	11150.98113	72.03	Europe
Ireland	1982	3480000	12618.32141	73.1	Europe
Ireland	1987	3539900	13872.86652	74.36	Europe
Ireland	1992	3557761	17558.81555	75.467	Europe
Ireland	1997	3667233	24521.94713	76.122	Europe
Ireland	2002	3879155	34077.04939	77.783	Europe
Ireland	2007	4109086	40675.99635	78.885	Europe
Israel	1952	1620914	4086.522128	65.39	Asia
Israel	1957	1944401	5385.278451	67.84	Asia
Israel	1962	2310904	7105.630706	69.39	Asia
Israel	1967	2693585	8393.741404	70.75	Asia
Israel	1972	3095893	12786.93223	71.63	Asia
Israel	1977	3495918	13306.61921	73.06	Asia
Israel	1982	3858421	15367.0292	74.45	Asia
Israel	1987	4203148	17122.47986	75.6	Asia
Israel	1992	4936550	18051.52254	76.93	Asia
Israel	1997	5531387	20896.60924	78.269	Asia
Israel	2002	6029529	21905.59514	79.696	Asia
Israel	2007	6426679	25523.2771	80.745	Asia
Italy	1952	47666000	4931.404155	65.94	Europe
Italy	1957	49182000	6248.656232	67.81	Europe
Italy	1962	50843200	8243.58234	69.24	Europe
Italy	1967	52667100	10022.40131	71.06	Europe
Italy	1972	54365564	12269.27378	72.19	Europe
Italy	1977	56059245	14255.98475	73.48	Europe
Italy	1982	56535636	16537.4835	74.98	Europe
Italy	1987	56729703	19207.23482	76.42	Europe
Italy	1992	56840847	22013.64486	77.44	Europe
Italy	1997	57479469	24675.02446	78.82	Europe
Italy	2002	57926999	27968.09817	80.24	Europe
Italy	2007	58147733	28569.7197	80.546	Europe
Jamaica	1952	1426095	2898.530881	58.53	Americas
Jamaica	1957	1535090	4756.525781	62.61	Americas
Jamaica	1962	1665128	5246.107524	65.61	Americas
Jamaica	1967	1861096	6124.703451	67.51	Americas
Jamaica	1972	1997616	7433.889293	69	Americas
Jamaica	1977	2156814	6650.195573	70.11	Americas
Jamaica	1982	2298309	6068.05135	71.21	Americas
Jamaica	1987	2326606	6351.237495	71.77	Americas
Jamaica	1992	2378618	7404.923685	71.766	Americas
Jamaica	1997	2531311	7121.924704	72.262	Americas
Jamaica	2002	2664659	6994.774861	72.047	Americas
Jamaica	2007	2780132	7320.880262	72.567	Americas
Japan	1952	86459025	3216.956347	63.03	Asia
Japan	1957	91563009	4317.694365	65.5	Asia
Japan	1962	95831757	6576.649461	68.73	Asia
Japan	1967	100825279	9847.788607	71.43	Asia
Japan	1972	107188273	14778.78636	73.42	Asia
Japan	1977	113872473	16610.37701	75.38	Asia
Japan	1982	118454974	19384.10571	77.11	Asia
Japan	1987	122091325	22375.94189	78.67	Asia
Japan	1992	124329269	26824.89511	79.36	Asia
Japan	1997	125956499	28816.58499	80.69	Asia
Japan	2002	127065841	28604.5919	82	Asia
Japan	2007	127467972	31656.06806	82.603	Asia
Jordan	1952	607914	1546.907807	43.158	Asia
Jordan	1957	746559	1886.080591	45.669	Asia
Jordan	1962	933559	2348.009158	48.126	Asia
Jordan	1967	1255058	2741.796252	51.629	Asia
Jordan	1972	1613551	2110.856309	56.528	Asia
Jordan	1977	1937652	2852.351568	61.134	Asia
Jordan	1982	2347031	4161.415959	63.739	Asia
Jordan	1987	2820042	4448.679912	65.869	Asia
Jordan	1992	3867409	3431.593647	68.015	Asia
Jordan	1997	4526235	3645.379572	69.772	Asia
Jordan	2002	5307470	3844.917194	71.263	Asia
Jordan	2007	6053193	4519.461171	72.535	Asia
Kenya	1952	6464046	853.540919	42.27	Africa
Kenya	1957	7454779	944.4383152	44.686	Africa
Kenya	1962	8678557	896.9663732	47.949	Africa
Kenya	1967	10191512	1056.736457	50.654	Africa
Kenya	1972	12044785	1222.359968	53.559	Africa
Kenya	1977	14500404	1267.613204	56.155	Africa
Kenya	1982	17661452	1348.225791	58.766	Africa
Kenya	1987	21198082	1361.936856	59.339	Africa
Kenya	1992	25020539	1341.921721	59.285	Africa
Kenya	1997	28263827	1360.485021	54.407	Africa
Kenya	2002	31386842	1287.514732	50.992	Africa
Kenya	2007	35610177	1463.249282	54.11	Africa
Korea, Dem. Rep.	1952	8865488	1088.277758	50.056	Asia
Korea, Dem. Rep.	1957	9411381	1571.134655	54.081	Asia
Korea, Dem. Rep.	1962	10917494	1621.693598	56.656	Asia
Korea, Dem. Rep.	1967	12617009	2143.540609	59.942	Asia
Korea, Dem. Rep.	1972	14781241	3701.621503	63.983	Asia
Korea, Dem. Rep.	1977	16325320	4106.301249	67.159	Asia
Korea, Dem. Rep.	1982	17647518	4106.525293	69.1	Asia
Korea, Dem. Rep.	1987	19067554	4106.492315	70.647	Asia
Korea, Dem. Rep.	1992	20711375	3726.063507	69.978	Asia
Korea, Dem. Rep.	1997	21585105	1690.756814	67.727	Asia
Korea, Dem. Rep.	2002	22215365	1646.758151	66.662	Asia
Korea, Dem. Rep.	2007	23301725	1593.06548	67.297	Asia
Korea, Rep.	1952	20947571	1030.592226	47.453	Asia
Korea, Rep.	1957	22611552	1487.593537	52.681	Asia
Korea, Rep.	1962	26420307	1536.344387	55.292	Asia
Korea, Rep.	1967	30131000	2029.228142	57.716	Asia
Korea, Rep.	1972	33505000	3030.87665	62.612	Asia
Korea, Rep.	1977	36436000	4657.22102	64.766	Asia
Korea, Rep.	1982	39326000	5622.942464	67.123	Asia
Korea, Rep.	1987	41622000	8533.088805	69.81	Asia
Korea, Rep.	1992	43805450	12104.27872	72.244	Asia
Korea, Rep.	1997	46173816	15993.52796	74.647	Asia
Korea, Rep.	2002	47969150	19233.98818	77.045	Asia
Korea, Rep.	2007	49044790	23348.13973	78.623	Asia
Kuwait	1952	160000	108382.3529	55.565	Asia
Kuwait	1957	212846	113523.1329	58.033	Asia
Kuwait	1962	358266	95458.11176	60.47	Asia
Kuwait	1967	575003	80894.88326	64.624	Asia
Kuwait	1972	841934	109347.867	67.712	Asia
Kuwait	1977	1140357	59265.47714	69.343	Asia
Kuwait	1982	1497494	31354.03573	71.309	Asia
Kuwait	1987	1891487	28118.42998	74.174	Asia
Kuwait	1992	1418095	34932.91959	75.19	Asia
Kuwait	1997	1765345	40300.61996	76.156	Asia
Kuwait	2002	2111561	35110.10566	76.904	Asia
Kuwait	2007	2505559	47306.98978	77.588	Asia
Lebanon	1952	1439529	4834.804067	55.928	Asia
Lebanon	1957	1647412	6089.786934	59.489	Asia
Lebanon	1962	1886848	5714.560611	62.094	Asia
Lebanon	1967	2186894	6006.983042	63.87	Asia
Lebanon	1972	2680018	7486.384341	65.421	Asia
Lebanon	1977	3115787	8659.696836	66.099	Asia
Lebanon	1982	3086876	7640.519521	66.983	Asia
Lebanon	1987	3089353	5377.091329	67.926	Asia
Lebanon	1992	3219994	6890.806854	69.292	Asia
Lebanon	1997	3430388	8754.96385	70.265	Asia
Lebanon	2002	3677780	9313.93883	71.028	Asia
Lebanon	2007	3921278	10461.05868	71.993	Asia
Lesotho	1952	748747	298.8462121	42.138	Africa
Lesotho	1957	813338	335.9971151	45.047	Africa
Lesotho	1962	893143	411.8006266	47.747	Africa
Lesotho	1967	996380	498.6390265	48.492	Africa
Lesotho	1972	1116779	496.5815922	49.767	Africa
Lesotho	1977	1251524	745.3695408	52.208	Africa
Lesotho	1982	1411807	797.2631074	55.078	Africa
Lesotho	1987	1599200	773.9932141	57.18	Africa
Lesotho	1992	1803195	977.4862725	59.685	Africa
Lesotho	1997	1982823	1186.147994	55.558	Africa
Lesotho	2002	2046772	1275.184575	44.593	Africa
Lesotho	2007	2012649	1569.331442	42.592	Africa
Liberia	1952	863308	575.5729961	38.48	Africa
Liberia	1957	975950	620.9699901	39.486	Africa
Liberia	1962	1112796	634.1951625	40.502	Africa
Liberia	1967	1279406	713.6036483	41.536	Africa
Liberia	1972	1482628	803.0054535	42.614	Africa
Liberia	1977	1703617	640.3224383	43.764	Africa
Liberia	1982	1956875	572.1995694	44.852	Africa
Liberia	1987	2269414	506.1138573	46.027	Africa
Liberia	1992	1912974	636.6229191	40.802	Africa
Liberia	1997	2200725	609.1739508	42.221	Africa
Liberia	2002	2814651	531.4823679	43.753	Africa
Liberia	2007	3193942	414.5073415	45.678	Africa
Libya	1952	1019729	2387.54806	42.723	Africa
Libya	1957	1201578	3448.284395	45.289	Africa
Libya	1962	1441863	6757.030816	47.808	Africa
Libya	1967	1759224	18772.75169	50.227	Africa
Libya	1972	2183877	21011.49721	52.773	Africa
Libya	1977	2721783	21951.21176	57.442	Africa
Libya	1982	3344074	17364.27538	62.155	Africa
Libya	1987	3799845	11770.5898	66.234	Africa
Libya	1992	4364501	9640.138501	68.755	Africa
Libya	1997	4759670	9467.446056	71.555	Africa
Libya	2002	5368585	9534.677467	72.737	Africa
Libya	2007	6036914	12057.49928	73.952	Africa
Madagascar	1952	4762912	1443.011715	36.681	Africa
Madagascar	1957	5181679	1589.20275	38.865	Africa
Madagascar	1962	5703324	1643.38711	40.848	Africa
Madagascar	1967	6334556	1634.047282	42.881	Africa
Madagascar	1972	7082430	1748.562982	44.851	Africa
Madagascar	1977	8007166	1544.228586	46.881	Africa
Madagascar	1982	9171477	1302.878658	48.969	Africa
Madagascar	1987	10568642	1155.441948	49.35	Africa
Madagascar	1992	12210395	1040.67619	52.214	Africa
Madagascar	1997	14165114	986.2958956	54.978	Africa
Madagascar	2002	16473477	894.6370822	57.286	Africa
Madagascar	2007	19167654	1044.770126	59.443	Africa
Malawi	1952	2917802	369.1650802	36.256	Africa
Malawi	1957	3221238	416.3698064	37.207	Africa
Malawi	1962	3628608	427.9010856	38.41	Africa
Malawi	1967	4147252	495.5147806	39.487	Africa
Malawi	1972	4730997	584.6219709	41.766	Africa
Malawi	1977	5637246	663.2236766	43.767	Africa
Malawi	1982	6502825	632.8039209	45.642	Africa
Malawi	1987	7824747	635.5173634	47.457	Africa
Malawi	1992	10014249	563.2000145	49.42	Africa
Malawi	1997	10419991	692.2758103	47.495	Africa
Malawi	2002	11824495	665.4231186	45.009	Africa
Malawi	2007	13327079	759.3499101	48.303	Africa
Malaysia	1952	6748378	1831.132894	48.463	Asia
Malaysia	1957	7739235	1810.066992	52.102	Asia
Malaysia	1962	8906385	2036.884944	55.737	Asia
Malaysia	1967	10154878	2277.742396	59.371	Asia
Malaysia	1972	11441462	2849.09478	63.01	Asia
Malaysia	1977	12845381	3827.921571	65.256	Asia
Malaysia	1982	14441916	4920.355951	68	Asia
Malaysia	1987	16331785	5249.802653	69.5	Asia
Malaysia	1992	18319502	7277.912802	70.693	Asia
Malaysia	1997	20476091	10132.90964	71.938	Asia
Malaysia	2002	22662365	10206.97794	73.044	Asia
Malaysia	2007	24821286	12451.6558	74.241	Asia
Mali	1952	3838168	452.3369807	33.685	Africa
Mali	1957	4241884	490.3821867	35.307	Africa
Mali	1962	4690372	496.1743428	36.936	Africa
Mali	1967	5212416	545.0098873	38.487	Africa
Mali	1972	5828158	581.3688761	39.977	Africa
Mali	1977	6491649	686.3952693	41.714	Africa
Mali	1982	6998256	618.0140641	43.916	Africa
Mali	1987	7634008	684.1715576	46.364	Africa
Mali	1992	8416215	739.014375	48.388	Africa
Mali	1997	9384984	790.2579846	49.903	Africa
Mali	2002	10580176	951.4097518	51.818	Africa
Mali	2007	12031795	1042.581557	54.467	Africa
Mauritania	1952	1022556	743.1159097	40.543	Africa
Mauritania	1957	1076852	846.1202613	42.338	Africa
Mauritania	1962	1146757	1055.896036	44.248	Africa
Mauritania	1967	1230542	1421.145193	46.289	Africa
Mauritania	1972	1332786	1586.851781	48.437	Africa
Mauritania	1977	1456688	1497.492223	50.852	Africa
Mauritania	1982	1622136	1481.150189	53.599	Africa
Mauritania	1987	1841240	1421.603576	56.145	Africa
Mauritania	1992	2119465	1361.369784	58.333	Africa
Mauritania	1997	2444741	1483.136136	60.43	Africa
Mauritania	2002	2828858	1579.019543	62.247	Africa
Mauritania	2007	3270065	1803.151496	64.164	Africa
Mauritius	1952	516556	1967.955707	50.986	Africa
Mauritius	1957	609816	2034.037981	58.089	Africa
Mauritius	1962	701016	2529.067487	60.246	Africa
Mauritius	1967	789309	2475.387562	61.557	Africa
Mauritius	1972	851334	2575.484158	62.944	Africa
Mauritius	1977	913025	3710.982963	64.93	Africa
Mauritius	1982	992040	3688.037739	66.711	Africa
Mauritius	1987	1042663	4783.586903	68.74	Africa
Mauritius	1992	1096202	6058.253846	69.745	Africa
Mauritius	1997	1149818	7425.705295	70.736	Africa
Mauritius	2002	1200206	9021.815894	71.954	Africa
Mauritius	2007	1250882	10956.99112	72.801	Africa
Mexico	1952	30144317	3478.125529	50.789	Americas
Mexico	1957	35015548	4131.546641	55.19	Americas
Mexico	1962	41121485	4581.609385	58.299	Americas
Mexico	1967	47995559	5754.733883	60.11	Americas
Mexico	1972	55984294	6809.40669	62.361	Americas
Mexico	1977	63759976	7674.929108	65.032	Americas
Mexico	1982	71640904	9611.147541	67.405	Americas
Mexico	1987	80122492	8688.156003	69.498	Americas
Mexico	1992	88111030	9472.384295	71.455	Americas
Mexico	1997	95895146	9767.29753	73.67	Americas
Mexico	2002	102479927	10742.44053	74.902	Americas
Mexico	2007	108700891	11977.57496	76.195	Americas
Mongolia	1952	800663	786.5668575	42.244	Asia
Mongolia	1957	882134	912.6626085	45.248	Asia
Mongolia	1962	1010280	1056.353958	48.251	Asia
Mongolia	1967	1149500	1226.04113	51.253	Asia
Mongolia	1972	1320500	1421.741975	53.754	Asia
Mongolia	1977	1528000	1647.511665	55.491	Asia
Mongolia	1982	1756032	2000.603139	57.489	Asia
Mongolia	1987	2015133	2338.008304	60.222	Asia
Mongolia	1992	2312802	1785.402016	61.271	Asia
Mongolia	1997	2494803	1902.2521	63.625	Asia
Mongolia	2002	2674234	2140.739323	65.033	Asia
Mongolia	2007	2874127	3095.772271	66.803	Asia
Montenegro	1952	413834	2647.585601	59.164	Europe
Montenegro	1957	442829	3682.259903	61.448	Europe
Montenegro	1962	474528	4649.593785	63.728	Europe
Montenegro	1967	501035	5907.850937	67.178	Europe
Montenegro	1972	527678	7778.414017	70.636	Europe
Montenegro	1977	560073	9595.929905	73.066	Europe
Montenegro	1982	562548	11222.58762	74.101	Europe
Montenegro	1987	569473	11732.51017	74.865	Europe
Montenegro	1992	621621	7003.339037	75.435	Europe
Montenegro	1997	692651	6465.613349	75.445	Europe
Montenegro	2002	720230	6557.194282	73.981	Europe
Montenegro	2007	684736	9253.896111	74.543	Europe
Morocco	1952	9939217	1688.20357	42.873	Africa
Morocco	1957	11406350	1642.002314	45.423	Africa
Morocco	1962	13056604	1566.353493	47.924	Africa
Morocco	1967	14770296	1711.04477	50.335	Africa
Morocco	1972	16660670	1930.194975	52.862	Africa
Morocco	1977	18396941	2370.619976	55.73	Africa
Morocco	1982	20198730	2702.620356	59.65	Africa
Morocco	1987	22987397	2755.046991	62.677	Africa
Morocco	1992	25798239	2948.047252	65.393	Africa
Morocco	1997	28529501	2982.101858	67.66	Africa
Morocco	2002	31167783	3258.495584	69.615	Africa
Morocco	2007	33757175	3820.17523	71.164	Africa
Mozambique	1952	6446316	468.5260381	31.286	Africa
Mozambique	1957	7038035	495.5868333	33.779	Africa
Mozambique	1962	7788944	556.6863539	36.161	Africa
Mozambique	1967	8680909	566.6691539	38.113	Africa
Mozambique	1972	9809596	724.9178037	40.328	Africa
Mozambique	1977	11127868	502.3197334	42.495	Africa
Mozambique	1982	12587223	462.2114149	42.795	Africa
Mozambique	1987	12891952	389.8761846	42.861	Africa
Mozambique	1992	13160731	410.8968239	44.284	Africa
Mozambique	1997	16603334	472.3460771	46.344	Africa
Mozambique	2002	18473780	633.6179466	44.026	Africa
Mozambique	2007	19951656	823.6856205	42.082	Africa
Myanmar	1952	20092996	331	36.319	Asia
Myanmar	1957	21731844	350	41.905	Asia
Myanmar	1962	23634436	388	45.108	Asia
Myanmar	1967	25870271	349	49.379	Asia
Myanmar	1972	28466390	357	53.07	Asia
Myanmar	1977	31528087	371	56.059	Asia
Myanmar	1982	34680442	424	58.056	Asia
Myanmar	1987	38028578	385	58.339	Asia
Myanmar	1992	40546538	347	59.32	Asia
Myanmar	1997	43247867	415	60.328	Asia
Myanmar	2002	45598081	611	59.908	Asia
Myanmar	2007	47761980	944	62.069	Asia
Namibia	1952	485831	2423.780443	41.725	Africa
Namibia	1957	548080	2621.448058	45.226	Africa
Namibia	1962	621392	3173.215595	48.386	Africa
Namibia	1967	706640	3793.694753	51.159	Africa
Namibia	1972	821782	3746.080948	53.867	Africa
Namibia	1977	977026	3876.485958	56.437	Africa
Namibia	1982	1099010	4191.100511	58.968	Africa
Namibia	1987	1278184	3693.731337	60.835	Africa
Namibia	1992	1554253	3804.537999	61.999	Africa
Namibia	1997	1774766	3899.52426	58.909	Africa
Namibia	2002	1972153	4072.324751	51.479	Africa
Namibia	2007	2055080	4811.060429	52.906	Africa
Nepal	1952	9182536	545.8657229	36.157	Asia
Nepal	1957	9682338	597.9363558	37.686	Asia
Nepal	1962	10332057	652.3968593	39.393	Asia
Nepal	1967	11261690	676.4422254	41.472	Asia
Nepal	1972	12412593	674.7881296	43.971	Asia
Nepal	1977	13933198	694.1124398	46.748	Asia
Nepal	1982	15796314	718.3730947	49.594	Asia
Nepal	1987	17917180	775.6324501	52.537	Asia
Nepal	1992	20326209	897.7403604	55.727	Asia
Nepal	1997	23001113	1010.892138	59.426	Asia
Nepal	2002	25873917	1057.206311	61.34	Asia
Nepal	2007	28901790	1091.359778	63.785	Asia
Netherlands	1952	10381988	8941.571858	72.13	Europe
Netherlands	1957	11026383	11276.19344	72.99	Europe
Netherlands	1962	11805689	12790.84956	73.23	Europe
Netherlands	1967	12596822	15363.25136	73.82	Europe
Netherlands	1972	13329874	18794.74567	73.75	Europe
Netherlands	1977	13852989	21209.0592	75.24	Europe
Netherlands	1982	14310401	21399.46046	76.05	Europe
Netherlands	1987	14665278	23651.32361	76.83	Europe
Netherlands	1992	15174244	26790.94961	77.42	Europe
Netherlands	1997	15604464	30246.13063	78.03	Europe
Netherlands	2002	16122830	33724.75778	78.53	Europe
Netherlands	2007	16570613	36797.93332	79.762	Europe
New Zealand	1952	1994794	10556.57566	69.39	Oceania
New Zealand	1957	2229407	12247.39532	70.26	Oceania
New Zealand	1962	2488550	13175.678	71.24	Oceania
New Zealand	1967	2728150	14463.91893	71.52	Oceania
New Zealand	1972	2929100	16046.03728	71.89	Oceania
New Zealand	1977	3164900	16233.7177	72.22	Oceania
New Zealand	1982	3210650	17632.4104	73.84	Oceania
New Zealand	1987	3317166	19007.19129	74.32	Oceania
New Zealand	1992	3437674	18363.32494	76.33	Oceania
New Zealand	1997	3676187	21050.41377	77.55	Oceania
New Zealand	2002	3908037	23189.80135	79.11	Oceania
New Zealand	2007	4115771	25185.00911	80.204	Oceania
Nicaragua	1952	1165790	3112.363948	42.314	Americas
Nicaragua	1957	1358828	3457.415947	45.432	Americas
Nicaragua	1962	1590597	3634.364406	48.632	Americas
Nicaragua	1967	1865490	4643.393534	51.884	Americas
Nicaragua	1972	2182908	4688.593267	55.151	Americas
Nicaragua	1977	2554598	5486.371089	57.47	Americas
Nicaragua	1982	2979423	3470.338156	59.298	Americas
Nicaragua	1987	3344353	2955.984375	62.008	Americas
Nicaragua	1992	4017939	2170.151724	65.843	Americas
Nicaragua	1997	4609572	2253.023004	68.426	Americas
Nicaragua	2002	5146848	2474.548819	70.836	Americas
Nicaragua	2007	5675356	2749.320965	72.899	Americas
Niger	1952	3379468	761.879376	37.444	Africa
Niger	1957	3692184	835.5234025	38.598	Africa
Niger	1962	4076008	997.7661127	39.487	Africa
Niger	1967	4534062	1054.384891	40.118	Africa
Niger	1972	5060262	954.2092363	40.546	Africa
Niger	1977	5682086	808.8970728	41.291	Africa
Niger	1982	6437188	909.7221354	42.598	Africa
Niger	1987	7332638	668.3000228	44.555	Africa
Niger	1992	8392818	581.182725	47.391	Africa
Niger	1997	9666252	580.3052092	51.313	Africa
Niger	2002	11140655	601.0745012	54.496	Africa
Niger	2007	12894865	619.6768924	56.867	Africa
Nigeria	1952	33119096	1077.281856	36.324	Africa
Nigeria	1957	37173340	1100.592563	37.802	Africa
Nigeria	1962	41871351	1150.927478	39.36	Africa
Nigeria	1967	47287752	1014.514104	41.04	Africa
Nigeria	1972	53740085	1698.388838	42.821	Africa
Nigeria	1977	62209173	1981.951806	44.514	Africa
Nigeria	1982	73039376	1576.97375	45.826	Africa
Nigeria	1987	81551520	1385.029563	46.886	Africa
Nigeria	1992	93364244	1619.848217	47.472	Africa
Nigeria	1997	106207839	1624.941275	47.464	Africa
Nigeria	2002	119901274	1615.286395	46.608	Africa
Nigeria	2007	135031164	2013.977305	46.859	Africa
Norway	1952	3327728	10095.42172	72.67	Europe
Norway	1957	3491938	11653.97304	73.44	Europe
Norway	1962	3638919	13450.40151	73.47	Europe
Norway	1967	3786019	16361.87647	74.08	Europe
Norway	1972	3933004	18965.05551	74.34	Europe
Norway	1977	4043205	23311.34939	75.37	Europe
Norway	1982	4114787	26298.63531	75.97	Europe
Norway	1987	4186147	31540.9748	75.89	Europe
Norway	1992	4286357	33965.66115	77.32	Europe
Norway	1997	4405672	41283.16433	78.32	Europe
Norway	2002	4535591	44683.97525	79.05	Europe
Norway	2007	4627926	49357.19017	80.196	Europe
Oman	1952	507833	1828.230307	37.578	Asia
Oman	1957	561977	2242.746551	40.08	Asia
Oman	1962	628164	2924.638113	43.165	Asia
Oman	1967	714775	4720.942687	46.988	Asia
Oman	1972	829050	10618.03855	52.143	Asia
Oman	1977	1004533	11848.34392	57.367	Asia
Oman	1982	1301048	12954.79101	62.728	Asia
Oman	1987	1593882	18115.22313	67.734	Asia
Oman	1992	1915208	18616.70691	71.197	Asia
Oman	1997	2283635	19702.05581	72.499	Asia
Oman	2002	2713462	19774.83687	74.193	Asia
Oman	2007	3204897	22316.19287	75.64	Asia
Pakistan	1952	41346560	684.5971438	43.436	Asia
Pakistan	1957	46679944	747.0835292	45.557	Asia
Pakistan	1962	53100671	803.3427418	47.67	Asia
Pakistan	1967	60641899	942.4082588	49.8	Asia
Pakistan	1972	69325921	1049.938981	51.929	Asia
Pakistan	1977	78152686	1175.921193	54.043	Asia
Pakistan	1982	91462088	1443.429832	56.158	Asia
Pakistan	1987	105186881	1704.686583	58.245	Asia
Pakistan	1992	120065004	1971.829464	60.838	Asia
Pakistan	1997	135564834	2049.350521	61.818	Asia
Pakistan	2002	153403524	2092.712441	63.61	Asia
Pakistan	2007	169270617	2605.94758	65.483	Asia
Panama	1952	940080	2480.380334	55.191	Americas
Panama	1957	1063506	2961.800905	59.201	Americas
Panama	1962	1215725	3536.540301	61.817	Americas
Panama	1967	1405486	4421.009084	64.071	Americas
Panama	1972	1616384	5364.249663	66.216	Americas
Panama	1977	1839782	5351.912144	68.681	Americas
Panama	1982	2036305	7009.601598	70.472	Americas
Panama	1987	2253639	7034.779161	71.523	Americas
Panama	1992	2484997	6618.74305	72.462	Americas
Panama	1997	2734531	7113.692252	73.738	Americas
Panama	2002	2990875	7356.031934	74.712	Americas
Panama	2007	3242173	9809.185636	75.537	Americas
Paraguay	1952	1555876	1952.308701	62.649	Americas
Paraguay	1957	1770902	2046.154706	63.196	Americas
Paraguay	1962	2009813	2148.027146	64.361	Americas
Paraguay	1967	2287985	2299.376311	64.951	Americas
Paraguay	1972	2614104	2523.337977	65.815	Americas
Paraguay	1977	2984494	3248.373311	66.353	Americas
Paraguay	1982	3366439	4258.503604	66.874	Americas
Paraguay	1987	3886512	3998.875695	67.378	Americas
Paraguay	1992	4483945	4196.411078	68.225	Americas
Paraguay	1997	5154123	4247.400261	69.4	Americas
Paraguay	2002	5884491	3783.674243	70.755	Americas
Paraguay	2007	6667147	4172.838464	71.752	Americas
Peru	1952	8025700	3758.523437	43.902	Americas
Peru	1957	9146100	4245.256698	46.263	Americas
Peru	1962	10516500	4957.037982	49.096	Americas
Peru	1967	12132200	5788.09333	51.445	Americas
Peru	1972	13954700	5937.827283	55.448	Americas
Peru	1977	15990099	6281.290855	58.447	Americas
Peru	1982	18125129	6434.501797	61.406	Americas
Peru	1987	20195924	6360.943444	64.134	Americas
Peru	1992	22430449	4446.380924	66.458	Americas
Peru	1997	24748122	5838.347657	68.386	Americas
Peru	2002	26769436	5909.020073	69.906	Americas
Peru	2007	28674757	7408.905561	71.421	Americas
Philippines	1952	22438691	1272.880995	47.752	Asia
Philippines	1957	26072194	1547.944844	51.334	Asia
Philippines	1962	30325264	1649.552153	54.757	Asia
Philippines	1967	35356600	1814.12743	56.393	Asia
Philippines	1972	40850141	1989.37407	58.065	Asia
Philippines	1977	46850962	2373.204287	60.06	Asia
Philippines	1982	53456774	2603.273765	62.082	Asia
Philippines	1987	60017788	2189.634995	64.151	Asia
Philippines	1992	67185766	2279.324017	66.458	Asia
Philippines	1997	75012988	2536.534925	68.564	Asia
Philippines	2002	82995088	2650.921068	70.303	Asia
Philippines	2007	91077287	3190.481016	71.688	Asia
Poland	1952	25730551	4029.329699	61.31	Europe
Poland	1957	28235346	4734.253019	65.77	Europe
Poland	1962	30329617	5338.752143	67.64	Europe
Poland	1967	31785378	6557.152776	69.61	Europe
Poland	1972	33039545	8006.506993	70.85	Europe
Poland	1977	34621254	9508.141454	70.67	Europe
Poland	1982	36227381	8451.531004	71.32	Europe
Poland	1987	37740710	9082.351172	70.98	Europe
Poland	1992	38370697	7738.881247	70.99	Europe
Poland	1997	38654957	10159.58368	72.75	Europe
Poland	2002	38625976	12002.23908	74.67	Europe
Poland	2007	38518241	15389.92468	75.563	Europe
Portugal	1952	8526050	3068.319867	59.82	Europe
Portugal	1957	8817650	3774.571743	61.51	Europe
Portugal	1962	9019800	4727.954889	64.39	Europe
Portugal	1967	9103000	6361.517993	66.6	Europe
Portugal	1972	8970450	9022.247417	69.26	Europe
Portugal	1977	9662600	10172.48572	70.41	Europe
Portugal	1982	9859650	11753.84291	72.77	Europe
Portugal	1987	9915289	13039.30876	74.06	Europe
Portugal	1992	9927680	16207.26663	74.86	Europe
Portugal	1997	10156415	17641.03156	75.97	Europe
Portugal	2002	10433867	19970.90787	77.29	Europe
Portugal	2007	10642836	20509.64777	78.098	Europe
Puerto Rico	1952	2227000	3081.959785	64.28	Americas
Puerto Rico	1957	2260000	3907.156189	68.54	Americas
Puerto Rico	1962	2448046	5108.34463	69.62	Americas
Puerto Rico	1967	2648961	6929.277714	71.1	Americas
Puerto Rico	1972	2847132	9123.041742	72.16	Americas
Puerto Rico	1977	3080828	9770.524921	73.44	Americas
Puerto Rico	1982	3279001	10330.98915	73.75	Americas
Puerto Rico	1987	3444468	12281.34191	74.63	Americas
Puerto Rico	1992	3585176	14641.58711	73.911	Americas
Puerto Rico	1997	3759430	16999.4333	74.917	Americas
Puerto Rico	2002	3859606	18855.60618	77.778	Americas
Puerto Rico	2007	3942491	19328.70901	78.746	Americas
Reunion	1952	257700	2718.885295	52.724	Africa
Reunion	1957	308700	2769.451844	55.09	Africa
Reunion	1962	358900	3173.72334	57.666	Africa
Reunion	1967	414024	4021.175739	60.542	Africa
Reunion	1972	461633	5047.658563	64.274	Africa
Reunion	1977	492095	4319.804067	67.064	Africa
Reunion	1982	517810	5267.219353	69.885	Africa
Reunion	1987	562035	5303.377488	71.913	Africa
Reunion	1992	622191	6101.255823	73.615	Africa
Reunion	1997	684810	6071.941411	74.772	Africa
Reunion	2002	743981	6316.1652	75.744	Africa
Reunion	2007	798094	7670.122558	76.442	Africa
Romania	1952	16630000	3144.613186	61.05	Europe
Romania	1957	17829327	3943.370225	64.1	Europe
Romania	1962	18680721	4734.997586	66.8	Europe
Romania	1967	19284814	6470.866545	66.8	Europe
Romania	1972	20662648	8011.414402	69.21	Europe
Romania	1977	21658597	9356.39724	69.46	Europe
Romania	1982	22356726	9605.314053	69.66	Europe
Romania	1987	22686371	9696.273295	69.53	Europe
Romania	1992	22797027	6598.409903	69.36	Europe
Romania	1997	22562458	7346.547557	69.72	Europe
Romania	2002	22404337	7885.360081	71.322	Europe
Romania	2007	22276056	10808.47561	72.476	Europe
Rwanda	1952	2534927	493.3238752	40	Africa
Rwanda	1957	2822082	540.2893983	41.5	Africa
Rwanda	1962	3051242	597.4730727	43	Africa
Rwanda	1967	3451079	510.9637142	44.1	Africa
Rwanda	1972	3992121	590.5806638	44.6	Africa
Rwanda	1977	4657072	670.0806011	45	Africa
Rwanda	1982	5507565	881.5706467	46.218	Africa
Rwanda	1987	6349365	847.991217	44.02	Africa
Rwanda	1992	7290203	737.0685949	23.599	Africa
Rwanda	1997	7212583	589.9445051	36.087	Africa
Rwanda	2002	7852401	785.6537648	43.413	Africa
Rwanda	2007	8860588	863.0884639	46.242	Africa
Sao Tome and Principe	1952	60011	879.5835855	46.471	Africa
Sao Tome and Principe	1957	61325	860.7369026	48.945	Africa
Sao Tome and Principe	1962	65345	1071.551119	51.893	Africa
Sao Tome and Principe	1967	70787	1384.840593	54.425	Africa
Sao Tome and Principe	1972	76595	1532.985254	56.48	Africa
Sao Tome and Principe	1977	86796	1737.561657	58.55	Africa
Sao Tome and Principe	1982	98593	1890.218117	60.351	Africa
Sao Tome and Principe	1987	110812	1516.525457	61.728	Africa
Sao Tome and Principe	1992	125911	1428.777814	62.742	Africa
Sao Tome and Principe	1997	145608	1339.076036	63.306	Africa
Sao Tome and Principe	2002	170372	1353.09239	64.337	Africa
Sao Tome and Principe	2007	199579	1598.435089	65.528	Africa
Saudi Arabia	1952	4005677	6459.554823	39.875	Asia
Saudi Arabia	1957	4419650	8157.591248	42.868	Asia
Saudi Arabia	1962	4943029	11626.41975	45.914	Asia
Saudi Arabia	1967	5618198	16903.04886	49.901	Asia
Saudi Arabia	1972	6472756	24837.42865	53.886	Asia
Saudi Arabia	1977	8128505	34167.7626	58.69	Asia
Saudi Arabia	1982	11254672	33693.17525	63.012	Asia
Saudi Arabia	1987	14619745	21198.26136	66.295	Asia
Saudi Arabia	1992	16945857	24841.61777	68.768	Asia
Saudi Arabia	1997	21229759	20586.69019	70.533	Asia
Saudi Arabia	2002	24501530	19014.54118	71.626	Asia
Saudi Arabia	2007	27601038	21654.83194	72.777	Asia
Senegal	1952	2755589	1450.356983	37.278	Africa
Senegal	1957	3054547	1567.653006	39.329	Africa
Senegal	1962	3430243	1654.988723	41.454	Africa
Senegal	1967	3965841	1612.404632	43.563	Africa
Senegal	1972	4588696	1597.712056	45.815	Africa
Senegal	1977	5260855	1561.769116	48.879	Africa
Senegal	1982	6147783	1518.479984	52.379	Africa
Senegal	1987	7171347	1441.72072	55.769	Africa
Senegal	1992	8307920	1367.899369	58.196	Africa
Senegal	1997	9535314	1392.368347	60.187	Africa
Senegal	2002	10870037	1519.635262	61.6	Africa
Senegal	2007	12267493	1712.472136	63.062	Africa
Serbia	1952	6860147	3581.459448	57.996	Europe
Serbia	1957	7271135	4981.090891	61.685	Europe
Serbia	1962	7616060	6289.629157	64.531	Europe
Serbia	1967	7971222	7991.707066	66.914	Europe
Serbia	1972	8313288	10522.06749	68.7	Europe
Serbia	1977	8686367	12980.66956	70.3	Europe
Serbia	1982	9032824	15181.0927	70.162	Europe
Serbia	1987	9230783	15870.87851	71.218	Europe
Serbia	1992	9826397	9325.068238	71.659	Europe
Serbia	1997	10336594	7914.320304	72.232	Europe
Serbia	2002	10111559	7236.075251	73.213	Europe
Serbia	2007	10150265	9786.534714	74.002	Europe
Sierra Leone	1952	2143249	879.7877358	30.331	Africa
Sierra Leone	1957	2295678	1004.484437	31.57	Africa
Sierra Leone	1962	2467895	1116.639877	32.767	Africa
Sierra Leone	1967	2662190	1206.043465	34.113	Africa
Sierra Leone	1972	2879013	1353.759762	35.4	Africa
Sierra Leone	1977	3140897	1348.285159	36.788	Africa
Sierra Leone	1982	3464522	1465.010784	38.445	Africa
Sierra Leone	1987	3868905	1294.447788	40.006	Africa
Sierra Leone	1992	4260884	1068.696278	38.333	Africa
Sierra Leone	1997	4578212	574.6481576	39.897	Africa
Sierra Leone	2002	5359092	699.489713	41.012	Africa
Sierra Leone	2007	6144562	862.5407561	42.568	Africa
Singapore	1952	1127000	2315.138227	60.396	Asia
Singapore	1957	1445929	2843.104409	63.179	Asia
Singapore	1962	1750200	3674.735572	65.798	Asia
Singapore	1967	1977600	4977.41854	67.946	Asia
Singapore	1972	2152400	8597.756202	69.521	Asia
Singapore	1977	2325300	11210.08948	70.795	Asia
Singapore	1982	2651869	15169.16112	71.76	Asia
Singapore	1987	2794552	18861.53081	73.56	Asia
Singapore	1992	3235865	24769.8912	75.788	Asia
Singapore	1997	3802309	33519.4766	77.158	Asia
Singapore	2002	4197776	36023.1054	78.77	Asia
Singapore	2007	4553009	47143.17964	79.972	Asia
Slovak Republic	1952	3558137	5074.659104	64.36	Europe
Slovak Republic	1957	3844277	6093.26298	67.45	Europe
Slovak Republic	1962	4237384	7481.107598	70.33	Europe
Slovak Republic	1967	4442238	8412.902397	70.98	Europe
Slovak Republic	1972	4593433	9674.167626	70.35	Europe
Slovak Republic	1977	4827803	10922.66404	70.45	Europe
Slovak Republic	1982	5048043	11348.54585	70.8	Europe
Slovak Republic	1987	5199318	12037.26758	71.08	Europe
Slovak Republic	1992	5302888	9498.467723	71.38	Europe
Slovak Republic	1997	5383010	12126.23065	72.71	Europe
Slovak Republic	2002	5410052	13638.77837	73.8	Europe
Slovak Republic	2007	5447502	18678.31435	74.663	Europe
Slovenia	1952	1489518	4215.041741	65.57	Europe
Slovenia	1957	1533070	5862.276629	67.85	Europe
Slovenia	1962	1582962	7402.303395	69.15	Europe
Slovenia	1967	1646912	9405.489397	69.18	Europe
Slovenia	1972	1694510	12383.4862	69.82	Europe
Slovenia	1977	1746919	15277.03017	70.97	Europe
Slovenia	1982	1861252	17866.72175	71.063	Europe
Slovenia	1987	1945870	18678.53492	72.25	Europe
Slovenia	1992	1999210	14214.71681	73.64	Europe
Slovenia	1997	2011612	17161.10735	75.13	Europe
Slovenia	2002	2011497	20660.01936	76.66	Europe
Slovenia	2007	2009245	25768.25759	77.926	Europe
Somalia	1952	2526994	1135.749842	32.978	Africa
Somalia	1957	2780415	1258.147413	34.977	Africa
Somalia	1962	3080153	1369.488336	36.981	Africa
Somalia	1967	3428839	1284.73318	38.977	Africa
Somalia	1972	3840161	1254.576127	40.973	Africa
Somalia	1977	4353666	1450.992513	41.974	Africa
Somalia	1982	5828892	1176.807031	42.955	Africa
Somalia	1987	6921858	1093.244963	44.501	Africa
Somalia	1992	6099799	926.9602964	39.658	Africa
Somalia	1997	6633514	930.5964284	43.795	Africa
Somalia	2002	7753310	882.0818218	45.936	Africa
Somalia	2007	9118773	926.1410683	48.159	Africa
South Africa	1952	14264935	4725.295531	45.009	Africa
South Africa	1957	16151549	5487.104219	47.985	Africa
South Africa	1962	18356657	5768.729717	49.951	Africa
South Africa	1967	20997321	7114.477971	51.927	Africa
South Africa	1972	23935810	7765.962636	53.696	Africa
South Africa	1977	27129932	8028.651439	55.527	Africa
South Africa	1982	31140029	8568.266228	58.161	Africa
South Africa	1987	35933379	7825.823398	60.834	Africa
South Africa	1992	39964159	7225.069258	61.888	Africa
South Africa	1997	42835005	7479.188244	60.236	Africa
South Africa	2002	44433622	7710.946444	53.365	Africa
South Africa	2007	43997828	9269.657808	49.339	Africa
Spain	1952	28549870	3834.034742	64.94	Europe
Spain	1957	29841614	4564.80241	66.66	Europe
Spain	1962	31158061	5693.843879	69.69	Europe
Spain	1967	32850275	7993.512294	71.44	Europe
Spain	1972	34513161	10638.75131	73.06	Europe
Spain	1977	36439000	13236.92117	74.39	Europe
Spain	1982	37983310	13926.16997	76.3	Europe
Spain	1987	38880702	15764.98313	76.9	Europe
Spain	1992	39549438	18603.06452	77.57	Europe
Spain	1997	39855442	20445.29896	78.77	Europe
Spain	2002	40152517	24835.47166	79.78	Europe
Spain	2007	40448191	28821.0637	80.941	Europe
Sri Lanka	1952	7982342	1083.53203	57.593	Asia
Sri Lanka	1957	9128546	1072.546602	61.456	Asia
Sri Lanka	1962	10421936	1074.47196	62.192	Asia
Sri Lanka	1967	11737396	1135.514326	64.266	Asia
Sri Lanka	1972	13016733	1213.39553	65.042	Asia
Sri Lanka	1977	14116836	1348.775651	65.949	Asia
Sri Lanka	1982	15410151	1648.079789	68.757	Asia
Sri Lanka	1987	16495304	1876.766827	69.011	Asia
Sri Lanka	1992	17587060	2153.739222	70.379	Asia
Sri Lanka	1997	18698655	2664.477257	70.457	Asia
Sri Lanka	2002	19576783	3015.378833	70.815	Asia
Sri Lanka	2007	20378239	3970.095407	72.396	Asia
Sudan	1952	8504667	1615.991129	38.635	Africa
Sudan	1957	9753392	1770.337074	39.624	Africa
Sudan	1962	11183227	1959.593767	40.87	Africa
Sudan	1967	12716129	1687.997641	42.858	Africa
Sudan	1972	14597019	1659.652775	45.083	Africa
Sudan	1977	17104986	2202.988423	47.8	Africa
Sudan	1982	20367053	1895.544073	50.338	Africa
Sudan	1987	24725960	1507.819159	51.744	Africa
Sudan	1992	28227588	1492.197043	53.556	Africa
Sudan	1997	32160729	1632.210764	55.373	Africa
Sudan	2002	37090298	1993.398314	56.369	Africa
Sudan	2007	42292929	2602.394995	58.556	Africa
Swaziland	1952	290243	1148.376626	41.407	Africa
Swaziland	1957	326741	1244.708364	43.424	Africa
Swaziland	1962	370006	1856.182125	44.992	Africa
Swaziland	1967	420690	2613.101665	46.633	Africa
Swaziland	1972	480105	3364.836625	49.552	Africa
Swaziland	1977	551425	3781.410618	52.537	Africa
Swaziland	1982	649901	3895.384018	55.561	Africa
Swaziland	1987	779348	3984.839812	57.678	Africa
Swaziland	1992	962344	3553.0224	58.474	Africa
Swaziland	1997	1054486	3876.76846	54.289	Africa
Swaziland	2002	1130269	4128.116943	43.869	Africa
Swaziland	2007	1133066	4513.480643	39.613	Africa
Sweden	1952	7124673	8527.844662	71.86	Europe
Sweden	1957	7363802	9911.878226	72.49	Europe
Sweden	1962	7561588	12329.44192	73.37	Europe
Sweden	1967	7867931	15258.29697	74.16	Europe
Sweden	1972	8122293	17832.02464	74.72	Europe
Sweden	1977	8251648	18855.72521	75.44	Europe
Sweden	1982	8325260	20667.38125	76.42	Europe
Sweden	1987	8421403	23586.92927	77.19	Europe
Sweden	1992	8718867	23880.01683	78.16	Europe
Sweden	1997	8897619	25266.59499	79.39	Europe
Sweden	2002	8954175	29341.63093	80.04	Europe
Sweden	2007	9031088	33859.74835	80.884	Europe
Switzerland	1952	4815000	14734.23275	69.62	Europe
Switzerland	1957	5126000	17909.48973	70.56	Europe
Switzerland	1962	5666000	20431.0927	71.32	Europe
Switzerland	1967	6063000	22966.14432	72.77	Europe
Switzerland	1972	6401400	27195.11304	73.78	Europe
Switzerland	1977	6316424	26982.29052	75.39	Europe
Switzerland	1982	6468126	28397.71512	76.21	Europe
Switzerland	1987	6649942	30281.70459	77.41	Europe
Switzerland	1992	6995447	31871.5303	78.03	Europe
Switzerland	1997	7193761	32135.32301	79.37	Europe
Switzerland	2002	7361757	34480.95771	80.62	Europe
Switzerland	2007	7554661	37506.41907	81.701	Europe
Syria	1952	3661549	1643.485354	45.883	Asia
Syria	1957	4149908	2117.234893	48.284	Asia
Syria	1962	4834621	2193.037133	50.305	Asia
Syria	1967	5680812	1881.923632	53.655	Asia
Syria	1972	6701172	2571.423014	57.296	Asia
Syria	1977	7932503	3195.484582	61.195	Asia
Syria	1982	9410494	3761.837715	64.59	Asia
Syria	1987	11242847	3116.774285	66.974	Asia
Syria	1992	13219062	3340.542768	69.249	Asia
Syria	1997	15081016	4014.238972	71.527	Asia
Syria	2002	17155814	4090.925331	73.053	Asia
Syria	2007	19314747	4184.548089	74.143	Asia
Taiwan	1952	8550362	1206.947913	58.5	Asia
Taiwan	1957	10164215	1507.86129	62.4	Asia
Taiwan	1962	11918938	1822.879028	65.2	Asia
Taiwan	1967	13648692	2643.858681	67.5	Asia
Taiwan	1972	15226039	4062.523897	69.39	Asia
Taiwan	1977	16785196	5596.519826	70.59	Asia
Taiwan	1982	18501390	7426.354774	72.16	Asia
Taiwan	1987	19757799	11054.56175	73.4	Asia
Taiwan	1992	20686918	15215.6579	74.26	Asia
Taiwan	1997	21628605	20206.82098	75.25	Asia
Taiwan	2002	22454239	23235.42329	76.99	Asia
Taiwan	2007	23174294	28718.27684	78.4	Asia
Tanzania	1952	8322925	716.6500721	41.215	Africa
Tanzania	1957	9452826	698.5356073	42.974	Africa
Tanzania	1962	10863958	722.0038073	44.246	Africa
Tanzania	1967	12607312	848.2186575	45.757	Africa
Tanzania	1972	14706593	915.9850592	47.62	Africa
Tanzania	1977	17129565	962.4922932	49.919	Africa
Tanzania	1982	19844382	874.2426069	50.608	Africa
Tanzania	1987	23040630	831.8220794	51.535	Africa
Tanzania	1992	26605473	825.682454	50.44	Africa
Tanzania	1997	30686889	789.1862231	48.466	Africa
Tanzania	2002	34593779	899.0742111	49.651	Africa
Tanzania	2007	38139640	1107.482182	52.517	Africa
Thailand	1952	21289402	757.7974177	50.848	Asia
Thailand	1957	25041917	793.5774148	53.63	Asia
Thailand	1962	29263397	1002.199172	56.061	Asia
Thailand	1967	34024249	1295.46066	58.285	Asia
Thailand	1972	39276153	1524.358936	60.405	Asia
Thailand	1977	44148285	1961.224635	62.494	Asia
Thailand	1982	48827160	2393.219781	64.597	Asia
Thailand	1987	52910342	2982.653773	66.084	Asia
Thailand	1992	56667095	4616.896545	67.298	Asia
Thailand	1997	60216677	5852.625497	67.521	Asia
Thailand	2002	62806748	5913.187529	68.564	Asia
Thailand	2007	65068149	7458.396327	70.616	Asia
Togo	1952	1219113	859.8086567	38.596	Africa
Togo	1957	1357445	925.9083202	41.208	Africa
Togo	1962	1528098	1067.53481	43.922	Africa
Togo	1967	1735550	1477.59676	46.769	Africa
Togo	1972	2056351	1649.660188	49.759	Africa
Togo	1977	2308582	1532.776998	52.887	Africa
Togo	1982	2644765	1344.577953	55.471	Africa
Togo	1987	3154264	1202.201361	56.941	Africa
Togo	1992	3747553	1034.298904	58.061	Africa
Togo	1997	4320890	982.2869243	58.39	Africa
Togo	2002	4977378	886.2205765	57.561	Africa
Togo	2007	5701579	882.9699438	58.42	Africa
Trinidad and Tobago	1952	662850	3023.271928	59.1	Americas
Trinidad and Tobago	1957	764900	4100.3934	61.8	Americas
Trinidad and Tobago	1962	887498	4997.523971	64.9	Americas
Trinidad and Tobago	1967	960155	5621.368472	65.4	Americas
Trinidad and Tobago	1972	975199	6619.551419	65.9	Americas
Trinidad and Tobago	1977	1039009	7899.554209	68.3	Americas
Trinidad and Tobago	1982	1116479	9119.528607	68.832	Americas
Trinidad and Tobago	1987	1191336	7388.597823	69.582	Americas
Trinidad and Tobago	1992	1183669	7370.990932	69.862	Americas
Trinidad and Tobago	1997	1138101	8792.573126	69.465	Americas
Trinidad and Tobago	2002	1101832	11460.60023	68.976	Americas
Trinidad and Tobago	2007	1056608	18008.50924	69.819	Americas
Tunisia	1952	3647735	1468.475631	44.6	Africa
Tunisia	1957	3950849	1395.232468	47.1	Africa
Tunisia	1962	4286552	1660.30321	49.579	Africa
Tunisia	1967	4786986	1932.360167	52.053	Africa
Tunisia	1972	5303507	2753.285994	55.602	Africa
Tunisia	1977	6005061	3120.876811	59.837	Africa
Tunisia	1982	6734098	3560.233174	64.048	Africa
Tunisia	1987	7724976	3810.419296	66.894	Africa
Tunisia	1992	8523077	4332.720164	70.001	Africa
Tunisia	1997	9231669	4876.798614	71.973	Africa
Tunisia	2002	9770575	5722.895655	73.042	Africa
Tunisia	2007	10276158	7092.923025	73.923	Africa
Turkey	1952	22235677	1969.10098	43.585	Europe
Turkey	1957	25670939	2218.754257	48.079	Europe
Turkey	1962	29788695	2322.869908	52.098	Europe
Turkey	1967	33411317	2826.356387	54.336	Europe
Turkey	1972	37492953	3450.69638	57.005	Europe
Turkey	1977	42404033	4269.122326	59.507	Europe
Turkey	1982	47328791	4241.356344	61.036	Europe
Turkey	1987	52881328	5089.043686	63.108	Europe
Turkey	1992	58179144	5678.348271	66.146	Europe
Turkey	1997	63047647	6601.429915	68.835	Europe
Turkey	2002	67308928	6508.085718	70.845	Europe
Turkey	2007	71158647	8458.276384	71.777	Europe
Uganda	1952	5824797	734.753484	39.978	Africa
Uganda	1957	6675501	774.3710692	42.571	Africa
Uganda	1962	7688797	767.2717398	45.344	Africa
Uganda	1967	8900294	908.9185217	48.051	Africa
Uganda	1972	10190285	950.735869	51.016	Africa
Uganda	1977	11457758	843.7331372	50.35	Africa
Uganda	1982	12939400	682.2662268	49.849	Africa
Uganda	1987	15283050	617.7244065	51.509	Africa
Uganda	1992	18252190	644.1707969	48.825	Africa
Uganda	1997	21210254	816.559081	44.578	Africa
Uganda	2002	24739869	927.7210018	47.813	Africa
Uganda	2007	29170398	1056.380121	51.542	Africa
United Kingdom	1952	50430000	9979.508487	69.18	Europe
United Kingdom	1957	51430000	11283.17795	70.42	Europe
United Kingdom	1962	53292000	12477.17707	70.76	Europe
United Kingdom	1967	54959000	14142.85089	71.36	Europe
United Kingdom	1972	56079000	15895.11641	72.01	Europe
United Kingdom	1977	56179000	17428.74846	72.76	Europe
United Kingdom	1982	56339704	18232.42452	74.04	Europe
United Kingdom	1987	56981620	21664.78767	75.007	Europe
United Kingdom	1992	57866349	22705.09254	76.42	Europe
United Kingdom	1997	58808266	26074.53136	77.218	Europe
United Kingdom	2002	59912431	29478.99919	78.471	Europe
United Kingdom	2007	60776238	33203.26128	79.425	Europe
United States	1952	157553000	13990.48208	68.44	Americas
United States	1957	171984000	14847.12712	69.49	Americas
United States	1962	186538000	16173.14586	70.21	Americas
United States	1967	198712000	19530.36557	70.76	Americas
United States	1972	209896000	21806.03594	71.34	Americas
United States	1977	220239000	24072.63213	73.38	Americas
United States	1982	232187835	25009.55914	74.65	Americas
United States	1987	242803533	29884.35041	75.02	Americas
United States	1992	256894189	32003.93224	76.09	Americas
United States	1997	272911760	35767.43303	76.81	Americas
United States	2002	287675526	39097.09955	77.31	Americas
United States	2007	301139947	42951.65309	78.242	Americas
Uruguay	1952	2252965	5716.766744	66.071	Americas
Uruguay	1957	2424959	6150.772969	67.044	Americas
Uruguay	1962	2598466	5603.357717	68.253	Americas
Uruguay	1967	2748579	5444.61962	68.468	Americas
Uruguay	1972	2829526	5703.408898	68.673	Americas
Uruguay	1977	2873520	6504.339663	69.481	Americas
Uruguay	1982	2953997	6920.223051	70.805	Americas
Uruguay	1987	3045153	7452.398969	71.918	Americas
Uruguay	1992	3149262	8137.004775	72.752	Americas
Uruguay	1997	3262838	9230.240708	74.223	Americas
Uruguay	2002	3363085	7727.002004	75.307	Americas
Uruguay	2007	3447496	10611.46299	76.384	Americas
Venezuela	1952	5439568	7689.799761	55.088	Americas
Venezuela	1957	6702668	9802.466526	57.907	Americas
Venezuela	1962	8143375	8422.974165	60.77	Americas
Venezuela	1967	9709552	9541.474188	63.479	Americas
Venezuela	1972	11515649	10505.25966	65.712	Americas
Venezuela	1977	13503563	13143.95095	67.456	Americas
Venezuela	1982	15620766	11152.41011	68.557	Americas
Venezuela	1987	17910182	9883.584648	70.19	Americas
Venezuela	1992	20265563	10733.92631	71.15	Americas
Venezuela	1997	22374398	10165.49518	72.146	Americas
Venezuela	2002	24287670	8605.047831	72.766	Americas
Venezuela	2007	26084662	11415.80569	73.747	Americas
Vietnam	1952	26246839	605.0664917	40.412	Asia
Vietnam	1957	28998543	676.2854478	42.887	Asia
Vietnam	1962	33796140	772.0491602	45.363	Asia
Vietnam	1967	39463910	637.1232887	47.838	Asia
Vietnam	1972	44655014	699.5016441	50.254	Asia
Vietnam	1977	50533506	713.5371196	55.764	Asia
Vietnam	1982	56142181	707.2357863	58.816	Asia
Vietnam	1987	62826491	820.7994449	62.82	Asia
Vietnam	1992	69940728	989.0231487	67.662	Asia
Vietnam	1997	76048996	1385.896769	70.672	Asia
Vietnam	2002	80908147	1764.456677	73.017	Asia
Vietnam	2007	85262356	2441.576404	74.249	Asia
West Bank and Gaza	1952	1030585	1515.592329	43.16	Asia
West Bank and Gaza	1957	1070439	1827.067742	45.671	Asia
West Bank and Gaza	1962	1133134	2198.956312	48.127	Asia
West Bank and Gaza	1967	1142636	2649.715007	51.631	Asia
West Bank and Gaza	1972	1089572	3133.409277	56.532	Asia
West Bank and Gaza	1977	1261091	3682.831494	60.765	Asia
West Bank and Gaza	1982	1425876	4336.032082	64.406	Asia
West Bank and Gaza	1987	1691210	5107.197384	67.046	Asia
West Bank and Gaza	1992	2104779	6017.654756	69.718	Asia
West Bank and Gaza	1997	2826046	7110.667619	71.096	Asia
West Bank and Gaza	2002	3389578	4515.487575	72.37	Asia
West Bank and Gaza	2007	4018332	3025.349798	73.422	Asia
Yemen, Rep.	1952	4963829	781.7175761	32.548	Asia
Yemen, Rep.	1957	5498090	804.8304547	33.97	Asia
Yemen, Rep.	1962	6120081	825.6232006	35.18	Asia
Yemen, Rep.	1967	6740785	862.4421463	36.984	Asia
Yemen, Rep.	1972	7407075	1265.047031	39.848	Asia
Yemen, Rep.	1977	8403990	1829.765177	44.175	Asia
Yemen, Rep.	1982	9657618	1977.55701	49.113	Asia
Yemen, Rep.	1987	11219340	1971.741538	52.922	Asia
Yemen, Rep.	1992	13367997	1879.496673	55.599	Asia
Yemen, Rep.	1997	15826497	2117.484526	58.02	Asia
Yemen, Rep.	2002	18701257	2234.820827	60.308	Asia
Yemen, Rep.	2007	22211743	2280.769906	62.698	Asia
Zambia	1952	2672000	1147.388831	42.038	Africa
Zambia	1957	3016000	1311.956766	44.077	Africa
Zambia	1962	3421000	1452.725766	46.023	Africa
Zambia	1967	3900000	1777.077318	47.768	Africa
Zambia	1972	4506497	1773.498265	50.107	Africa
Zambia	1977	5216550	1588.688299	51.386	Africa
Zambia	1982	6100407	1408.678565	51.821	Africa
Zambia	1987	7272406	1213.315116	50.821	Africa
Zambia	1992	8381163	1210.884633	46.1	Africa
Zambia	1997	9417789	1071.353818	40.238	Africa
Zambia	2002	10595811	1071.613938	39.193	Africa
Zambia	2007	11746035	1271.211593	42.384	Africa
Zimbabwe	1952	3080907	406.8841148	48.451	Africa
Zimbabwe	1957	3646340	518.7642681	50.469	Africa
Zimbabwe	1962	4277736	527.2721818	52.358	Africa
Zimbabwe	1967	4995432	569.7950712	53.995	Africa
Zimbabwe	1972	5861135	799.3621758	55.635	Africa
Zimbabwe	1977	6642107	685.5876821	57.674	Africa
Zimbabwe	1982	7636524	788.8550411	60.363	Africa
Zimbabwe	1987	9216418	706.1573059	62.351	Africa
Zimbabwe	1992	10704340	693.4207856	60.377	Africa
Zimbabwe	1997	11404948	792.4499603	46.809	Africa
Zimbabwe	2002	11926563	672.0386227	39.989	Africa
Zimbabwe	2007	12311143	469.7092981	43.487	Africa
